SUBWAYST_ROUTE_NO,SUBWAYST_NM,TRRSRT_NM,RDNMADR_NM,CTPRVN_CD,SIGNGU_CD,FCLTY_LO,FCLTY_LA,TEL_NO,HMPG_URL,OPER_TIME,BASE_DE
5호선,여의나루,63 시티,서울특별시 영등포구 63로 50 한화금융센터_63,11,11560,126.939757,37.519576,1833-7001,http://www.63city.co.kr/,10:00~22:00,20221231
1호선,노량진,63빌딩,서울특별시 영등포구 여의동 63로 50,11,11560,126.939757,37.519576,1833-7001,http://www.63.co.kr,10:00~22:00,20221231
9호선,국회의사당,KBS,서울특별시 영등포구 여의공원로 13,11,11560,126.916423,37.525591,02-781-1000,http://www.kbs.co.kr/,,20221231
5호선,여의도,KBS 홀,서울특별시 영등포구 여의공원로 13 한국방송공사,11,11560,126.916423,37.525591,02-781-1000,http://office.kbs.co.kr/kbshall/,,20221231
9호선,가양,KBS스포츠월드,서울특별시 강서구 공항대로 376 KBS88체육관,11,11500,126.8476,37.556809,02-2600-8808,http://www.kbssw.co.kr/,,20221231
5호선,여의나루,LG 사이언스 홀,서울특별시 영등포구 여의대로 128,11,11560,126.928961,37.527804,02-3773-1053,http://www.lgscience.co.kr/,09:00~17:30,20221231
2호선,역삼,LG아트센터,서울특별시 강남구 논현로 508,11,11320,127.037619,37.502141,02-2005-0114,http://www.lgart.com/,,20221231
6호선,디지털미디어시티,MBC WORLD 방송테마파크,서울특별시 마포구 성암로 267,11,11440,126.890441,37.58106,02-789-3705,http://mbcworld.imbc.com/,10:00~18:00,20221231
4호선,명동,N서울타워,서울특별시 용산구 남산공원길 126,11,11170,126.990751,37.550857,02-3455-9277,http://www.nseoultower.com/,10:00~23:00,20221231
8호선,장지역,가든파이브,서울특별시 송파구 충민로 66 가든파이브라이프,11,11710,127.123713,37.477635,02-2157-0100,http://www.garden5.com/,10:30~21:00,20221231
8호선,가락시장,가락동 농수산물시장,서울특별시 송파구 양재대로 932 가락동 농수산물도매시장,11,11710,127.111698,37.49262,02-3435-1000,http://www.garak.co.kr/,,20221231
3호선,신사,가로수길,서울특별시 강남구 신사동,11,11320,127.026502,37.52381,,,,20221231
1호선,방학,가을단풍길(상계근린공원내산책로),서울특별시 노원구 상계동,11,11350,127.07033,37.672997,,,,20221231
1호선,방학,간송옛집,서울특별시 도봉구 방학동,11,11320,127.031062,37.665292,02-954-5757,,,20221231
7호선,반포역,강남지하상가,서울특별시 강남구 강남대로 지하 396 이즈타워,11,11320,127.028306,37.498172,02-553-1898,,,20221231
5호선,강동,강풀만화거리,서울특별시 강동구 천호대로168가길 38-3,11,11740,127.130005,37.535647,02-3425-5252,,,20221231
8호선,천호,강풀만화거리,서울특별시 강동구 천호대로168가길 38-3,11,11740,127.130005,37.535647,02-3425-5252,,,20221231
6호선,안암,개운사,서울특별시 성북구 안암동5가 157-3,11,11290,127.029054,37.589661,02-926-4069,www.gaeunsa.org/,,20221231
5호선,방화,개화산,서울특별시 강서구 개화동,11,11500,126.803586,37.587123,,,,20221231
5호선,거여역,거여공원,서울특별시 송파구 거여동,11,11710,127.14567,37.489555,,,,20221231
9호선,양천향교,겸재정선미술관,서울특별시 강서구 양천로47길 36,11,11500,126.838397,37.572198,,,,20221231
5호선,서대문,경교장,서울특별시 종로구 평동,11,11110,126.966862,37.567923,02-735-2038,,09:00~18:00,20221231
1호선,소요산,경기북부어린이박물관,경기도 동두천시 평화로2910번길 46 (상봉암동),41,41250,127.064438,37.944658,031-860-2860,http://childmus.ddc.go.kr/,10:00~18:00,20221231
6호선,이태원,경리단길,서울특별시 용산구 이태원동,41,11170,126.992524,37.538519,,,,20221231
3호선,경복궁,경복궁,서울특별시 종로구 사직로 161 경복궁,11,11110,126.976965,37.577427,02-3700-3900,http://www.royalpalace.go.kr/,09:00~17:00,20221231
3호선,충무로,경성일보필동사옥터,서울특별시 중구 필동1가,11,11140,126.992458,37.561089,,,,20221231
4호선,충무로,경성일보필동사옥터,서울특별시 중구 필동1가,11,11140,126.992458,37.561089,,,,20221231
3호선,안국,경운동 민병옥 가옥,서울특별시 종로구 경운동,11,11110,126.986415,37.575202,,,,20221231
3호선,경복궁,경찰박물관,서울특별시 종로구 새문안로 41,11,11110,126.969666,37.56902,02-3150-3681,http://www.policemuseum.go.kr/,09:30~17:30,20221231
5호선,광화문,경찰박물관,서울특별시 종로구 새문안로 41,11,11110,126.969666,37.56902,02-3150-3681,http://www.policemuseum.go.kr/,09:30~17:30,20221231
1호선,신창,경찰충혼탑,충청남도 아산시 신창면 읍내리 670-4,44,44200,126.9256,36.767899,,,,20221231
5호선,서대문,경희궁,서울특별시 종로구 새문안로 55,11,11110,126.970823,37.570489,02-724-0274,,09:00~18:00,20221231
6호선,이태원,고(엔틱)가구거리,서울특별시 용산구 이태원동,11,11170,126.992524,37.538519,,,,20221231
2호선,을지로4가,고당기념관,서울특별시 중구 저동2가,11,11140,126.989789,37.564247,,,,20221231
5호선,을지로4가,고당기념관,서울특별시 중구 저동2가,11,11140,126.989789,37.564247,,,,20221231
4호선,과천,과천향교,경기도 과천시 자하동길 18,41,41290,126.987388,37.433683,02-502-2944,,10:00~16:00,20221231
6호선,효창공원앞,과학동아천문대,서울특별시 용산구 청파로 109,11,11170,126.963353,37.533617,02-3148-0704,http://star.dongascience.com/,09:00~22:00,20221231
1호선,종각,관광안내전시관,서울특별시 중구 청계천로 40 한국관광공사 K-Style Hub 2층~5층,11,11140,126.981615,37.568511,02-729-9497,korean.visitkorea.or.kr/other/hub_01.html,09:00~19:00,20221231
3호선,안국,관상감 관천대,서울특별시 종로구 계동,11,11110,126.986929,37.58236,042-481-4650,,,20221231
2호선,서울대입구,관악산,경기도 과천시 중앙동,41,41290,126.976944,37.433971,02-874-4900,http://www.bongilspa.co.kr/,00:00~24:00,20221231
3호선,충무로,관훈동 민씨가옥,서울특별시 중구 퇴계로34길 28,11,11140,126.994106,37.558878,,,,20221231
4호선,충무로,관훈동 민씨가옥,서울특별시 중구 퇴계로34길 28,11,11140,126.994106,37.558878,,,,20221231
1호선,종로5가,광장시장,서울특별시 종로구 창경궁로 88,11,11110,127.000043,37.570299,02-2267-0291,kwangjangmarket.co.kr/,09:00~18:00,20221231
5호선,광화문,광화문광장,서울특별시 종로구 세종대로 172,11,11110,126.976092,37.571761,02-120,http://plaza.seoul.go.kr/gwanghwamun,,20221231
6호선,광흥창,광흥당,서울특별시 마포구 창전동,11,11440,126.930088,37.550278,02-312-1100,,09:00~18:00,20221231
2호선,동대문역사문화공원,광희문,서울특별시 중구 광희동2가,11,11140,127.008424,37.563945,02-3369-5882,,,20221231
4호선,동대문역사문화공원,광희문,서울특별시 중구 광희동2가,11,11140,127.008424,37.563945,02-3369-5882,,,20221231
5호선,동대문역사문화공원,광희문,서울특별시 중구 광희동2가,11,11140,127.008424,37.563945,02-3369-5882,,,20221231
6호선,신당,광희문,서울특별시 중구 광희동2가,11,11140,127.008424,37.563945,02-3369-5882,,,20221231
7호선,논현,교보문고,서울특별시 서초구 강남대로 465 교보생명보험(주)서초사옥,11,11650,127.024127,37.503787,1544-1900,http://www.kyobobook.co.kr/storen/MainStore.laf?SITE=15,09:30~22:00,20221231
5호선,광화문,교보문고,서울특별시 종로구 종로 1 교보생명빌딩,11,11110,126.977857,37.570965,1544-1900,http://www.kyobobook.co.kr/,09:30~22:00,20221231
1호선,시청,구 러시아 공사관,서울특별시 중구 정동,11,11140,126.97314,37.566617,,,,20221231
2호선,시청,구 러시아 공사관,서울특별시 중구 정동,11,11140,126.97314,37.566617,,,,20221231
5호선,서대문,구 러시아 공사관,서울특별시 중구 정동,11,11140,126.97314,37.566617,,,,20221231
1호선,구로,구로기계공구상가,서울특별시 구로구 구로중앙로 198 구로기계공구상가,11,11530,126.880801,37.504156,,,,20221231
5호선,발산,구암공원,서울특별시 강서구 허준로5길 42,11,11500,126.853727,37.567599,02-2600-4196,,00:00~24:00,20221231
2호선,강남,국기원기념관,서울특별시 강남구 테헤란로7길 21,11,11320,127.029775,37.500887,02-567-1058,,09:00~17:30,20221231
4호선,수유,국립 4.19묘지,서울특별시 강북구 수유동 580-1,11,11305,127.007668,37.649042,02-996-0419,http://419.mpva.go.kr/,06:00~18:00,20221231
4호선,대공원,국립과천과학관,경기도 과천시 상하벌로 110 국립과천과학관,41,41290,127.00411,37.438934,02-3677-1500,http://www.sciencecenter.go.kr/,09:30~17:30,20221231
3호선,남부터미널,국립국악박물관,서울특별시 서초구 남부순환로 2364,11,11650,127.009214,37.477749,02-580-3130,http://www.gugak.go.kr/site/main/index001,10:00~18:00,20221231
3호선,남부터미널,국립국악원,서울특별시 서초구 남부순환로 2364,11,11650,127.009214,37.477749,02-580-3300,http://www.gugak.go.kr/,00:00~24:00,20221231
3호선,경복궁,국립민속박물관,서울특별시 종로구 삼청로 37,11,11110,126.978235,37.579789,02-3704-3114,http://www.nfm.go.kr/,09:00 ~ 18:00,20221231
6호선,고려대,국립산림과학원(홍릉수목원),서울특별시 동대문구 회기로 57,11,11230,127.043615,37.593195,02-961-2777,http://www.forest.go.kr/newkfsweb/kfs/idx/SubIndex.do?orgId=kfri&m,10:30~15:30,20221231
4호선,혜화,국립서울과학관,서울특별시 종로구 창경궁로 215 국립어린이과학관,11,11110,126.996926,37.582365,02-3668-3350,http://www.ssm.go.kr/,09:30~17:30,20221231
7호선,남성,국립서울현충원,서울특별시 동작구 동작동 271-18,11,11590,126.97385,37.499973,02-813-9625,www.snmb.mil.kr/,,20221231
3호선,동대입구,국립중앙극장,서울특별시 중구 장충단로 59,11,11140,126.999901,37.552935,02-2280-4114,http://www.ntok.go.kr/,,20221231
1호선,이촌,국립중앙박물관,서울특별시 용산구 서빙고로 137,11,11170,126.97995,37.523724,02-2077-9000,http://www.museum.go.kr/,10:00~18:00,20221231
4호선,이촌,국립중앙박물관,서울특별시 용산구 서빙고로 137,11,11170,126.97995,37.523724,02-2077-9000,http://www.museum.go.kr/,10:00~18:00,20221231
6호선,녹사평,국립중앙박물관,서울특별시 용산구 서빙고로 137,11,11170,126.97995,37.523724,02-2077-9000,http://www.museum.go.kr/,10:00~18:00,20221231
4호선,대공원,국립현대미술관,경기도 과천시 광명로 313 국립현대미술관,41,41290,127.019875,37.431046,02-2188-6000,http://www.moca.go.kr/,10:00~17:00,20221231
4호선,동작,국립현충원,서울특별시 동작구 동작동 271-18,11,11590,126.97385,37.499973,02-813-9625,http://www.mnd.go.kr/,06:00~18:00,20221231
5호선,오목교,국제선센터 템플스테이,서울특별시 양천구 목동동로 167,11,11470,126.870111,37.520796,02-2650-2213,http://seoncenter.templestay.com/,,20221231
9호선,국회의사당,국회의사당,서울특별시 영등포구 의사당대로 1,11,11560,126.916558,37.530385,02-788-2114,http://www.assembly.go.kr/,,20221231
1호선,시청,궁중유물전시관,서울특별시 중구 정동,11,11140,126.97314,37.566617,,,,20221231
2호선,시청,궁중유물전시관,서울특별시 중구 정동,11,11140,126.97314,37.566617,,,,20221231
1호선,종로3가,권동진집터,서울특별시 종로구 돈의동,11,11110,126.990737,37.571986,,,,20221231
5호선,종로3가,권동진집터,서울특별시 종로구 돈의동,11,11110,126.990737,37.571986,,,,20221231
1호선,종로3가,권오설아지트터(6.10만세운동추진거점),서울특별시 종로구 장사동,11,11110,126.994046,37.569239,,,,20221231
5호선,종로3가,권오설아지트터(6.10만세운동추진거점),서울특별시 종로구 장사동,11,11110,126.994046,37.569239,,,,20221231
1호선,오산대,궐리사,경기도 오산시 매홀로 3 오산시궐리사,41,41370,127.062611,37.159031,031-373-0151,,,20221231
2호선,을지로입구,그레뱅뮤지엄,서울특별시 중구 을지로 23 을지로별관,11,11140,126.980367,37.566247,02-777-4700,http://www.grevin-seoul.com/ko,10:00~18:00,20221231
5호선,방화,근린공원,서울특별시 강서구 금낭화로 176 방화근린공원관리사무소,11,11500,126.814124,37.58094,,,,20221231
5호선,신금호,금남시장,서울특별시 성동구 독서당로 303-7,11,11200,127.022708,37.548458,02-2252-5302,,,20221231
5호선,신금호,금호산,서울특별시 성동구 금호동2가,11,11200,127.021179,37.552888,,,,20221231
9호선,중앙보훈병원,길동생태공원,서울특별시 강동구 천호대로 1291,11,11740,127.153556,37.53926,02-472-2770,http://parks.seoul.go.kr/gildong,10:00~16:00,20221231
5호선,길동,길동자연생태공원,서울특별시 강동구 천호대로 1291,11,11740,127.153556,37.53926,02-472-2770,http://parks.seoul.go.kr/gildong,10:00~16:00,20221231
5호선,까치산역,까치산 시장,서울특별시 강서구 강서로12길 14,11,11500,126.847875,37.531546,02-2606-4500,http://kkachisansijang.modoo.at,,20221231
6호선,창신역,낙산공원,서울특별시 종로구 낙산길 41,11,11110,127.006528,37.580599,02-743-7985,,00:00~24:00,20221231
2호선,낙성대,낙성대,서울특별시 관악구 낙성대로 77 낙성대공원,11,11620,126.959758,37.471431,,,,20221231
3호선,종로3가,"낙원떡, 악기상가",서울특별시 종로구 낙원동,11,11110,126.988624,37.572581,,,,20221231
5호선,종로3가,"낙원떡, 악기상가",서울특별시 종로구 낙원동,11,11110,126.988624,37.572581,,,,20221231
1호선,시청,난타전용극장,서울특별시 중구 명동길 26 유네스코회관,11,11140,126.983767,37.563465,02-739-8288,http://www.nanta.co.kr/,,20221231
2호선,시청,난타전용극장,서울특별시 중구 명동길 26 유네스코회관,11,11140,126.983767,37.563465,02-739-8288,http://www.nanta.co.kr/,,20221231
4호선,회현,남대문,서울특별시 중구 세종대로 40,11,11140,126.975326,37.559923,042-481-4650,,,20221231
4호선,회현,남대문시장,서울특별시 중구 남대문시장4길 21,11,11140,126.977724,37.559223,02-753-2805,http://namdaemunmarket.co.kr/,00:00~23:00,20221231
6호선,한강진역,남산(N서울타워),서울특별시 용산구 남산공원길 126,11,11170,126.990751,37.550857,02-3455-9277,http://www.nseoultower.com/,10:00~23:00,20221231
4호선,충무로,남산골 한옥마을,서울특별시 중구 퇴계로34길 28 남산골한옥마을,11,11140,126.994106,37.558878,02-2261-0517,http://hanokmaeul.or.kr/,09:00~21:00,20221231
3호선,충무로,남산골한옥마을,서울특별시 중구 퇴계로34길 28 남산골한옥마을,11,11140,126.994106,37.558878,02-2261-0517,http://hanokmaeul.or.kr/,09:00~21:00,20221231
6호선,한강진역,남산야외식물원,서울특별시 용산구 소월로 323,11,11170,126.997021,37.541539,02-798-3771,,00:00~24:00,20221231
4호선,명동,남산케이블카,서울특별시 중구 소파로 83,11,11140,126.983995,37.55661,02-753-2403,http://www.cablecar.co.kr/,10:00~23:00,20221231
8호선,산성,남한산성,경기도 광주시 남한산성면 산성리 산23,41,41610,127.178543,37.479165,031-743-6610,http://www.namhansansung.or.kr/,,20221231
1호선,망월사,노강서원,경기도 의정부시 동일로122번길 153,41,41150,127.06294,37.700032,,,,20221231
1호선,노량진,노량진 수산시장,서울특별시 동작구 노들로 674 노량진수산물도매시장,11,11590,126.936898,37.514586,02-2254-8000,http://www.susansijang.co.kr/,00:00~24:00,20221231
9호선,노량진,노량진의밤 야간난전 2019,서울특별시 동작구 노량진로 178,11,11590,126.945704,37.513421,02-820-9657,,,20221231
1호선,소요산,노르웨이참전기념비,경기도 동두천시 상봉암동,41,41250,127.061425,37.948066,,,,20221231
1호선,녹천,노원 에코센터,서울특별시 노원구 덕릉로 460,11,11350,127.059648,37.644548,02-3392-4910,ecocenter.nowon.kr/,,20221231
1호선,종각,놀이똥산 서울점,서울특별시 종로구 인사동5길 41 하나빌딩 지하1층,11,11110,126.984173,37.571867,02-2034-0606,http://playpoop.com/,10:00~20:00,20221231
4호선,대야미,누리천문대,경기도 군포시 대야2로 139,41,41410,126.915353,37.330287,031-390-8674,http://www.gunpolib.go.kr/nuri/,,20221231
1호선,두정,다산농원,충청남도 천안시 서북구 성성동,44,44133,127.126512,36.844025,,,,20221231
3호선,동대입구,다산성곽길,서울특별시 중구 신당동 832,11,11140,127.006845,37.555877,,,,20221231
1호선,종로3가,단성사,서울특별시 종로구 묘동,11,11110,126.991739,37.572436,,,,20221231
5호선,종로3가,단성사,서울특별시 종로구 묘동,11,11110,126.991739,37.572436,,,,20221231
4호선,한대앞,단원조각공원,경기도 안산시 상록구 성호로 131 성호 이익 기념관,41,41271,126.859604,37.315057,031-481-2066,,,20221231
1호선,종로3가,대관원터,서울특별시 종로구 관수동,11,11110,126.990471,37.569082,,,,20221231
5호선,종로3가,대관원터,서울특별시 종로구 관수동,11,11110,126.990471,37.569082,,,,20221231
3호선,일원,대모산,서울특별시 강남구 개포동 대모산,11,11320,127.062593,37.480284,,,,20221231
4호선,혜화,대학로 예술의 거리,서울특별시 종로구 동숭동,11,11110,127.004876,37.581405,,,,20221231
1호선,시청,덕수궁,서울특별시 중구 세종대로 99 덕수궁,11,11140,126.97495,37.565876,02-771-9951,www.deoksugung.go.kr/,,20221231
2호선,시청,덕수궁,서울특별시 중구 세종대로 99 덕수궁,11,11140,126.97495,37.565876,02-771-9951,www.deoksugung.go.kr/,10:00~19:00,20221231
5호선,광화문,덕수궁,서울특별시 중구 세종대로 99 덕수궁,11,11140,126.97495,37.565876,02-771-9951,http://www.deoksugung.go.kr/,09:00~20:00,20221231
1호선,시청,덕수궁 돌담길,서울특별시 중구 세종대로19길 24 영국대사관,11,11140,126.974567,37.567395,,,,20221231
2호선,시청,덕수궁 돌담길,서울특별시 중구 세종대로19길 24 영국대사관,11,11140,126.974567,37.567395,,,,20221231
1호선,시청,덕수궁미술관,서울특별시 중구 세종대로 99,11,11140,126.97495,37.565876,02-2022-0600,www.mmca.go.kr/,10:00~19:00,20221231
2호선,시청,덕수궁미술관,서울특별시 중구 세종대로 99,11,11140,126.97495,37.565876,02-2022-0600,www.mmca.go.kr/,,20221231
3호선,원당,덕양서원,경기도 고양시 덕양구 고양대로 1445-46,41,41281,126.845485,37.654882,031-370-3065,,,20221231
1호선,보산,도담도담전래놀이연구소,경기도 동두천시 중앙로353번길 14,41,41250,127.056371,37.913572,031-864-3246,http://blog.naver.com/dodamplay,10:00~19:00,20221231
7호선,춘의,도당수목원,경기도 부천시 성곡로63번길 99,41,41190,126.791456,37.516557,032-320-3000,,,20221231
7호선,부천시청,도레미파크,경기도 부천시 소향로 197,41,41190,126.769839,37.50144,070-5056-0478,http://www.doremidino.com/,12:00~20:00,20221231
1호선,방학,도봉구_1711-01서울유아숲체험장,서울특별시 도봉구 방학동 678,11,11320,127.041821,37.662434,,,,20221231
1호선,도봉산,도봉서원,서울특별시 도봉구 도봉산길 90,11,11320,127.029143,37.688171,,,,20221231
7호선,도봉산,도봉서원,서울특별시 도봉구 도봉산길 90,11,11320,127.029143,37.688171,,,,20221231
7호선,강남구청,도산 안창호 기념관,서울특별시 강남구 도산대로45길 20 도산전시관,11,11320,127.035551,37.523947,02-541-1800,http://www.ahnchangho.or.kr/,11:00~18:00,20221231
7호선,강남구청역,도산공원,서울특별시 강남구 도산대로45길 20 도산전시관,11,11320,127.035551,37.523947,,,00:00~24:00,20221231
3호선,독립문,독립문,서울특별시 서대문구 현저동 941,11,11410,126.959602,37.572283,,,,20221231
5호선,서대문,돈의문박물관마을,서울특별시 종로구 신문로2가 7-24,11,11110,126.968796,37.568886,02-739-6994,http://dmvillage.info/,10:00~19:00,20221231
1호선,동묘앞,동관왕묘,서울특별시 종로구 숭인동,11,11110,127.018946,37.575576,,,,20221231
6호선,동묘앞,동관왕묘,서울특별시 종로구 숭인동,11,11110,127.018946,37.575576,,,,20221231
1호선,동대문,동대문,서울특별시 종로구 종로 288 흥인지문,11,11110,127.009698,37.571173,,,,20221231
2호선,동대문역사문화공원,동대문시장,서울특별시 중구 을지로6가,11,11140,126.979213,37.565381,,,,20221231
4호선,동대문역사문화공원,동대문시장,서울특별시 중구 을지로6가,11,11140,126.979213,37.565381,,,,20221231
5호선,동대문역사문화공원,동대문시장,서울특별시 중구 을지로6가,11,11140,126.979213,37.565381,,,,20221231
6호선,신당,동대문역사문화공원,서울특별시 중구 신당동,11,11140,127.013665,37.557916,02-2266-7188,http://korean.visitkorea.or.kr/kor/bz15/where/where_tour.jsp?cid=190,00:00~24:00,20221231
2호선,동대문역사문화공원,동대문역사문화공원,서울특별시 중구 을지로 281,11,11140,127.009765,37.566984,02-2266-7188,http://www.ddp.or.kr,00:00~24:00,20221231
4호선,동대문역사문화공원,동대문역사문화공원,서울특별시 중구 을지로 281,11,11140,127.009765,37.566984,02-2266-7188,http://www.ddp.or.kr,00:00~24:00,20221231
5호선,동대문역사문화공원,동대문역사문화공원,서울특별시 중구 을지로 281,11,11140,127.009765,37.566984,02-2266-7188,http://www.ddp.or.kr,,20221231
2호선,동대문역사문화공원,동대문운동장기념관,서울특별시 중구 신당동 853,11,11140,127.011391,37.567304,,,,20221231
5호선,동대문역사문화공원,동대문운동장기념관,서울특별시 중구 신당동 853,11,11140,127.011391,37.567304,,,09:00~19:00,20221231
1호선,소요산,동두천맛거리,경기도 동두천시 상봉암동,41,41250,127.061425,37.948066,,,,20221231
1호선,보산,동두천시외국인관광특구,경기도 동두천시 생연동,41,41250,127.063579,37.903863,,,,20221231
1호선,동두천중앙,두드림스파,경기도 동두천시 삼육사로 1041 지번,41,41250,127.066053,37.899729,,,,20221231
1호선,창동,둘리뮤지엄,서울특별시 도봉구 시루봉로1길 6,11,11320,127.027604,37.652325,02-990-2200,http://www.doolymuseum.or.kr/,10:00~18:00,20221231
1호선,보산,드라마[응답하라1988]촬영지,경기도 동두천시 생연동,41,41250,127.063579,37.903863,,,,20221231
2호선,구의,드라마[응답하라1988]촬영지,서울특별시 광진구 자양동,11,11215,127.07452,37.531702,,,,20221231
7호선,뚝섬유원지,뚝섬유원지,서울특별시 광진구 자양동 427-1,11,11215,127.073055,37.529402,02-3780-0521,,,20221231
1호선,종각,런닝맨 인사동점,서울특별시 종로구 인사동5길 41 하나빌딩 지하1층,11,11110,126.984173,37.571867,02-2034-0606,http://www.running-man.kr,10:00~20:00,20221231
3호선,원흥,렛츠런팜 원당,경기도 고양시 덕양구 서삼릉길 233-112,41,41281,126.873575,37.664146,02-509-2672,,09:00~17:00,20221231
1호선,녹천,로보카폴리어린이교통공원,서울특별시 노원구 덕릉로 483,11,11350,127.062558,37.64567,,,,20221231
9호선,김포공항,롯데몰 김포공항,서울특별시 강서구 하늘길 77,11,11500,126.797278,37.561181,02-6116-4000,,,20221231
2호선,잠실,롯데월드,서울특별시 송파구 올림픽로 240,11,11710,127.097033,37.511251,02-1661-2000,http://www.lotteworld.com/,09:30~22:00,20221231
8호선,잠실,롯데월드,서울특별시 송파구 올림픽로 240,11,11710,127.097033,37.511251,02-1661-2000,http://www.lotteworld.com/,09:30~22:00,20221231
2호선,잠실,롯데월드 민속관,서울특별시 송파구 올림픽로 240 롯데월드,11,11710,127.097033,37.511251,1661-2000,http://www.lotteworld.com/museum/,10:00~20:00,20221231
8호선,잠실,롯데월드 민속관,서울특별시 송파구 올림픽로 240 롯데월드,11,11710,127.097033,37.511251,1661-2000,http://www.lotteworld.com/museum/,10:00~20:00,20221231
2호선,잠실,롯데월드 아쿠아리움,서울특별시 송파구 올림픽로 300 롯데월드몰 B1,11,11710,127.102669,37.512889,1661-2000,http://www.lotteworld.com/aquarium/index.asp,10:00~20:00,20221231
8호선,잠실,롯데월드 아쿠아리움,서울특별시 송파구 올림픽로 300 롯데월드몰 B1,11,11710,127.102669,37.512889,1661-2000,http://www.lotteworld.com/aquarium/index.asp,10:00~20:00,20221231
6호선,이태원,루프탑 9room,서울특별시 용산구 녹사평대로46길 69,11,11170,126.990382,37.537915,010-8608-8158,http://www.instagram.com/rooftop9room_official,09:00~23:00,20221231
6호선,한강진역,리움미술관,서울특별시 용산구 이태원로55길 60-16,11,11170,126.999053,37.538511,02-2014-6900,http://www.leeum.org/,10:30~18:00,20221231
5호선,아차산,리틀엔젤스 예술회관,서울특별시 광진구 천호대로 664 선화예술중고등학교,11,11215,127.087642,37.550438,070-7124-1740,http://www.uac.co.kr/,,20221231
5호선,마장,마장동 고기구이 골목,서울특별시 성동구 마장동 437,11,11200,127.041441,37.57112,,,,20221231
6호선,공덕,마포갈매기골목,서울특별시 마포구 도화동,11,11440,126.950017,37.539761,,,,20221231
6호선,월드컵경기장(성산)역,마포농수산물시장,서울특별시 마포구 월드컵로 235,11,11440,126.898652,37.56472,02-300-5060,https://www.siksinhot.com/P/1119890,07:00~21:00,20221231
6호선,공덕,마포전골목,서울특별시 마포구 만리재로 19,11,11440,126.953162,37.544673,,,,20221231
1호선,관악,만안교,경기도 안양시 만안구 석수동,41,41171,126.918491,37.426152,,,,20221231
6호선,망원,망리단길,서울특별시 마포구 망원동 403-7,41,11440,126.905213,37.554933,,,,20221231
6호선,망원,망원 한강공원,서울특별시 마포구 마포나루길 467 한강공원망원지구사무소,11,11440,126.899886,37.552352,02-3780-0601,http://hangang.seoul.go.kr/archives/46737,,20221231
6호선,망원,망원시장,서울특별시 마포구 포은로8길 14,11,11440,126.905591,37.556171,02-335-3591,https://mangwonsijang.modoo.at,08:00~22:00,20221231
6호선,망원,망원정터,서울특별시 마포구 동교로8안길 23,11,11440,126.904586,37.549809,02-3153-8350,,,20221231
1호선,망월사,망월사(경기),경기도 의정부시 망월로28번길 211-500 (호원동),41,41150,127.021452,37.704804,031-873-7744,,,20221231
6호선,월드컵경기장(성산)역,매봉산,서울특별시 마포구 상암동,11,11440,126.879851,37.570752,,,,20221231
2호선,을지로입구,명동 패션의 거리,서울특별시 중구 명동2가,11,11140,126.985246,37.56291,,,,20221231
4호선,명동,명동성당,서울특별시 중구 명동길 74,11,11140,126.986848,37.563303,02-774-1784,http://www.mdsd.or.kr/,,20221231
9호선,등촌,목동깨비시장,서울특별시 양천구 목동중앙북로6길 5,11,11470,126.865228,37.548176,02-2620-3474,,,20221231
9호선,등촌,목동도깨비시장,서울특별시 양천구 목동중앙북로6길 5,11,11470,126.865228,37.548176,02-2620-3474,,,20221231
5호선,오목교,목동운동장,서울특별시 양천구 안양천로 939,11,11470,126.881039,37.530649,02-2640-3848,,,20221231
1호선,동두천중앙,목행선선생묘역,경기도 동두천시 지행동,41,41250,127.064563,37.889887,,,,20221231
1호선,보산,못골생태공원,경기도 동두천시 생연동,41,41250,127.063579,37.903863,,,,20221231
5호선,올림픽공원(한국체대)역,몽촌토성,서울특별시 송파구 올림픽로 424 올림픽공원,11,11710,127.115408,37.520356,02-2147-2001,http://english.visitkorea.or.kr/enu/ATR/SI_EN_3_1_1_1.jsp?cid=174798,,20221231
8호선,몽촌토성,몽촌토성,서울특별시 송파구 올림픽로 424 올림픽공원,11,11710,127.115408,37.520356,02-2147-2001,,,20221231
9호선,한성백제,몽촌토성,서울특별시 송파구 올림픽로 424 올림픽공원,11,11710,127.115408,37.520356,02-2147-2001,http://english.visitkorea.or.kr/enu/ATR/SI_EN_3_1_1_1.jsp?cid=1747984,,20221231
1호선,동묘앞,묘각사 템플스테이,서울특별시 종로구 종로63가길 31,11,11110,127.018664,37.575456,02-763-3109,http://www.myogaksa.net/,,20221231
6호선,동묘앞,묘각사 템플스테이,서울특별시 종로구 종로63가길 31,11,11110,127.018664,37.575456,02-763-3109,http://www.myogaksa.net/,,20221231
7호선,까치울,무릉도원수목원,경기도 부천시 길주로 660,41,41190,126.815674,37.505143,032-320-3000,http://ecopark.bucheon.go.kr/,09:30~17:00,20221231
1호선,종로3가,무산자동맹회회관터,서울특별시 종로구 관수동,11,11110,126.990471,37.569082,,,,20221231
5호선,종로3가,무산자동맹회회관터,서울특별시 종로구 관수동,11,11110,126.990471,37.569082,,,,20221231
1호선,의정부,무한상상시민정원,경기도 의정부시 시민로 100,41,41150,127.045184,37.738678,,,,20221231
1호선,신도림,문래창작촌,서울특별시 영등포구 도림로128가길 13-8,11,11560,126.897675,37.514217,,,,20221231
2호선,문래,문래창작촌,서울특별시 영등포구 도림로128가길 13-8,11,11560,126.897675,37.514217,,,,20221231
4호선,혜화,문예회관,서울특별시 종로구 대학로8길 7,11,11110,127.002999,37.581191,02-3668-0007,http://theater.arko.or.kr/Pages/Perf/List/List.aspx?pid=2,10:00~18:00,20221231
8호선,문정,문정동 로데오 거리,서울특별시 송파구 동남로4길 10,11,11710,127.123906,37.489152,02-400-1633,https://blog.naver.com/rodeo1st,,20221231
1호선,서울역,문화역서울 284,서울특별시 중구 통일로 1 서울역,11,11140,126.971803,37.555991,02-3407-3500,http://seoul284.org/,10:00~19:00,20221231
4호선,서울역,문화역서울 284,서울특별시 중구 통일로 1 서울역,11,11140,126.971803,37.555991,02-3407-3500,http://seoul284.org/,10:00~19:00,20221231
1호선,송탄,물놀이세상,경기도 평택시 서정북로 130 1층,41,41220,127.06392,37.071039,010-2988-0555,http://swpnoori.com/,09:00~18:00,20221231
1호선,오산대,물향기수목원,경기도 오산시 청학로 211,41,41370,127.060006,37.165751,031-378-1261,,09:00~17:00,20221231
1호선,봉명,미나릿길벽화마을,충청남도 천안시 동남구 원성천1길 17 중앙동주민센터,44,44131,127.152561,36.800038,,http://cafe.daum.net/woga26/,,20221231
1호선,남영,민주인권기념관,서울특별시 용산구 한강대로71길 37,11,11170,126.97175,37.540916,02-6918-0104,http://dhrm.or.kr,09:30~17:30,20221231
4호선,숙대입구,민주인권기념관,서울특별시 용산구 한강대로71길 37,11,11170,126.97175,37.540916,02-6918-0104,ttp://dhrm.or.kr,09:30~17:30,20221231
6호선,삼각지,민주인권기념관,서울특별시 용산구 한강대로71길 37,11,11170,126.97175,37.540916,02-6918-0104,http://dhrm.or.kr,09:30~17:30,20221231
5호선,종로3가,박물관은살아있다 인사동점,서울특별시 종로구 인사동길 12,11,11110,126.987229,37.571911,02-2034-0600,http://www.alivemuseum.com/branch/insa,09:00~20:00,20221231
1호선,남영,박종철기념관,서울특별시 용산구 갈월동,11,11170,126.972367,37.545409,,,,20221231
6호선,삼각지,박종철기념관,서울특별시 용산구 갈월동,11,11170,126.972367,37.545409,,,,20221231
1호선,소요산,박찬호야구공원(2020년2월예정),경기도 동두천시 상봉암동 산6,41,41250,127.072376,37.953964,,,,20221231
1호선,창동,반딧불이 유아숲체험장,서울특별시 도봉구 해등로3길 48-11 초안산근린공원관리사무소,11,11320,127.041276,37.647544,02-2091-3756,,,20221231
1호선,방학,발바닥공원,서울특별시 도봉구 방학동,11,11320,127.031062,37.665292,,,,20221231
6호선,대홍,밤섬,서울특별시 영등포구 여의도동 밤섬,11,11560,126.928439,37.528674,02-3780-0793,,,20221231
9호선,신반포,방배동카페골목,서울특별시 서초구 방배동,41,11650,126.993113,37.479496,,,,20221231
1호선,종로5가,방산시장,서울특별시 중구 주교동,11,11140,126.999368,37.568275,,,,20221231
5호선,방이,방이 백제고분군,서울특별시 송파구 방이동,11,11710,127.125384,37.515681,,,,20221231
1호선,방학,방학동 도깨비시장,서울특별시 도봉구 도당로13다길 30,11,11320,127.032903,37.665731,02-954-1225,http://bhdokkaebi.modoo.at/,,20221231
5호선,방화,방화근린공원,서울특별시 강서구 금낭화로 176 방화근린공원관리사무소,11,11500,126.814124,37.58094,02-2657-8688,,,20221231
1호선,수원,방화수류정,경기도 수원시 팔달구 수원천로392번길 44-6 방화수류정,41,41115,127.018097,37.287545,031-290-3600,,,20221231
1호선,동묘앞,백남준기념관,서울특별시 종로구 종로53길 12-1,11,11110,127.013782,37.573082,02-2124-8800,,,20221231
6호선,동묘앞,백남준기념관,서울특별시 종로구 종로53길 12-1,11,11110,127.013782,37.573082,02-2124-8800,,,20221231
6호선,효창공원앞,백범기념관,서울특별시 용산구 효창원로 177-18,11,11170,126.961779,37.545163,02-799-3400,,09:00-18:00,20221231
5호선,공덕,백범김구기념관,서울특별시 용산구 효창원로 177-18,11,11170,126.961779,37.545163,02-799-3400,,09:00-18:00,20221231
1호선,소요산,벨기에.룩셈부르크참전기념탑,경기도 동두천시 상봉암동 13,41,41250,127.06526,37.946232,,,,20221231
1호선,도봉산,벽운계곡,서울특별시 노원구 상계동,11,11350,127.07033,37.672997,,,,20221231
7호선,도봉산,벽운계곡,서울특별시 노원구 상계동,11,11350,127.07033,37.672997,,,,20221231
2호선,신대방,보라매공원,서울특별시 동작구 여의대방로20길 33,11,11590,126.919865,37.493275,02-2181-1196,http://parks.seoul.go.kr/boramae/,00:00~24:00,20221231
7호선,보라매,보라매공원,서울특별시 동작구 여의대방로20길 33,11,11590,126.919865,37.493275,02-2181-1196,http://parks.seoul.go.kr/boramae/,,20221231
7호선,보라매,보라매안전체험관,서울특별시 동작구 여의대방로20길 33,11,11590,126.919865,37.493275,02-2027-4100,http://safe119.seoul.go.kr/,10:00~17:00,20221231
6호선,보문,보문사,서울특별시 성북구 보문사길 20 보문사,11,11290,127.016112,37.584481,02-928-3797,www.bomunsa.or.kr/,,20221231
1호선,종각,보신각,서울특별시 종로구 종로 54 보신각,11,11110,126.983704,37.569709,,,,20221231
1호선,종각,보신각,서울특별시 종로구 종로 54 보신각,11,11110,126.983704,37.569709,,,,20221231
1호선,종로3가,"보신각앞3.1운동만세시위지,한성정부선포지",서울특별시 종로구 종로3가,11,11110,126.978099,37.569859,,,,20221231
5호선,종로3가,"보신각앞3.1운동만세시위지,한성정부선포지",서울특별시 종로구 종로3가,11,11110,126.978099,37.569859,,,,20221231
7호선,삼산체육관,볼베어파크,경기도 부천시 조마루로 2 웅진플레이도시 2층 볼베어파크,41,41190,126.7448,37.499401,032-322-7760,http://www.ballbearpark.com,11:00~19:00,20221231
2호선,삼성,봉은사,서울특별시 강남구 봉은사로 531 봉은사,11,11320,127.05745,37.51524,02-3218-4800,http://www.bongeunsa.org/,,20221231
7호선,청담,봉은사,서울특별시 강남구 봉은사로 531 봉은사,11,11320,127.05745,37.51524,02-3218-4800,,,20221231
9호선,봉은사,봉은사,서울특별시 강남구 봉은사로 531 봉은사,11,11320,127.05745,37.51524,02-3218-4800,http://www.bongeunsa.org/,,20221231
2호선,서울대입구,봉일온천,서울특별시 관악구 은천로 28 봉일프라자,11,11620,126.938423,37.486,,,,20221231
6호선,봉화산,봉화산,서울특별시 중랑구 묵동,11,11260,127.079735,37.612719,,,,20221231
6호선,봉화산,봉화산옹기테마공원,서울특별시 중랑구 신내로21길 116,11,11260,127.088514,37.612661,02-2094-2966,http://www.jungnang.go.kr/portal/main/contents.do?menuNo=201058,09:00~17:00,20221231
7호선,부천종합운동장,부천백만송이장미원,경기도 부천시 성곡로63번길 99 도당공원,41,41190,126.791456,37.516557,032-320-3000,,,20221231
7호선,까치울,부천식물원,경기도 부천시 길주로 660,41,41190,126.815674,37.505143,032-320-3000,http://ecopark.bucheon.go.kr/,09:30~17:00,20221231
7호선,까치울,부천어린이천문대,경기도 부천시 길주로561번길 24,41,41190,126.805466,37.507671,032-677-3245,http://www.astrocamp.net,14:30~23:30,20221231
7호선,까치울,부천자연생태공원,경기도 부천시 길주로 660,41,41190,126.815674,37.505143,032-320-3000,http://ecopark.bucheon.go.kr/,09:30~18:00,20221231
7호선,춘의,부천천문과학관,경기도 부천시 부천로264번길 117,41,41190,126.79043,37.513537,032-674-7057,http://astrobucheon.or.kr/,14:00~21:30,20221231
7호선,삼산체육관,부천한옥체험마을,경기도 부천시 길주로 1,41,41190,126.742514,37.508225,032-326-1542,http://www.bucheonculture.or.kr/file/main/main.html,09:30~18:00,20221231
7호선,굴포천,부평 굴포누리 기후변화체험관,인천광역시 부평구 장제로 267,28,28237,126.730844,37.509416,032-509-3901,http://bpgncce.icbp.go.kr/,,20221231
7호선,부평구청,부평문화의거리,인천광역시 부평구 부평문화로 78-2,28,28237,126.724998,37.494053,032-511-5890,,,20221231
1호선,광운대,북서울 꿈의숲,서울특별시 강북구 월계로 173,11,11305,127.038131,37.620758,02-2289-4001,http://parks.seoul.go.kr/dreamforest,00:00~24:00,20221231
4호선,미아사거리,북서울꿈의숲,서울특별시 강북구 월계로 173,11,11305,127.038131,37.620758,02-2289-4001,http://parks.seoul.go.kr/dreamforest,00:00~24:00,20221231
6호선,돌곶이역,북서울꿈의숲,서울특별시 강북구 월계로 173,11,11305,127.038131,37.620758,02-2289-4001,http://parks.seoul.go.kr/dreamforest,00:00~24:00,20221231
1호선,성균관대,북수원 온천,경기도 수원시 장안구 서부로 2139 SK HUB BLUE,41,41111,126.971662,37.299459,031-293-7005,http://www.puksuwon.com/,00:00~24:00,20221231
3호선,안국,북촌 한옥마을,서울특별시 종로구 계동길 37,11,11110,126.986419,37.579076,02-2133-1372,http://bukchon.seoul.go.kr/,,20221231
1호선,도봉산,북한산국립공원,서울특별시 도봉구 도봉산길 86,11,11320,127.034117,37.687501,02-909-0497,http://bukhan.knps.or.kr/,,20221231
7호선,도봉산,북한산국립공원,서울특별시 도봉구 도봉산길 86,11,11320,127.034117,37.687501,02-909-0497,http://bukhan.knps.or.kr/,,20221231
1호선,의정부,북한산둘레길15구간,경기도 의정부시 의정부동,41,41150,127.042216,37.737474,,,,20221231
1호선,망월사,북한산둘레길16구간,경기도 의정부시 호원동,41,41150,127.034374,37.712317,,,,20221231
1호선,방학,북한산둘레길19구간,서울특별시 도봉구 방학동,11,11320,127.031062,37.665292,,,,20221231
6호선,독바위,북한산둘레길8구간,서울특별시 은평구 불광동,41,11380,126.935569,37.619157,,,,20221231
3호선,구파발,북한산성,경기도 고양시 덕양구 대서문길 375,41,41281,126.974436,37.645387,031-968-5325,,09:00~18:00,20221231
4호선,수유,북한산성,경기도 고양시 덕양구 대서문길 375,41,41281,126.974436,37.645387,031-968-5325,,09:00~18:00,20221231
9호선,석촌,불광사,서울특별시 송파구 백제고분로39길 35 대한불교조계종불광사,11,11710,127.10285,37.507169,02-413-6060,http://www.bulkwangsa.org/,,20221231
6호선,창신역,불교박물관,서울특별시 종로구 우정국로 55 조계사,11,11110,126.982039,37.573984,02-2011-1960,http://museum.buddhism.or.kr/,10:00~17:00,20221231
4호선,상계,불암산,서울특별시 노원구 상계동,11,11350,127.07033,37.672997,02-950-3395,,,20221231
2호선,뚝섬,브릭캠퍼스 서울,"서울특별시 성동구 서울숲2길 32-14 갤러리아 포레 G층 더 서울라이티움 1,3관",11,11200,127.042037,37.545824,02-2261-1393,http://www.brickcampus.com,13:00~19:00,20221231
5호선,고덕,브이센터,서울특별시 강동구 아리수로61길 103,11,11740,127.14768,37.565366,070-4278-8470,http://www.tkvcenter.com/Web/Main,,20221231
2호선,사당,사당동 백제요지,서울특별시 관악구 남현동,11,11620,126.977765,37.464118,02-880-3114,,10:00~20:00,20221231
1호선,노량진,사육신 묘,서울특별시 동작구 노량진1동,11,11590,126.942043,37.512307,,,,20221231
9호선,노들,사육신공원,서울특별시 동작구 노량진로 191,11,11590,126.948899,37.513837,,,,20221231
3호선,경복궁,사직단,서울특별시 종로구 사직동,11,11110,126.965955,37.575412,02-731-0536,,,20221231
1호선,동두천중앙,사천서원,경기도 양주시 은현면 은현로382번길 52 (은현면),41,41630,127.013809,37.901177,,,,20221231
6호선,동묘앞,산마루 놀이터,서울특별시 종로구 창신동 23-350,11,11110,127.012402,37.575575,070-8181-0502,http://pf.kakao.com/_haWTT,09:00~19:00,20221231
2호선,한양대,살곶이 다리,서울특별시 성동구 성수동1가,11,11200,127.042756,37.543514,,,,20221231
6호선,삼각지,삼각지대구탕골목,서울특별시 용산구 한강대로62가길 4,11,11170,126.974077,37.534593,,,,20221231
5호선,군자(능동)역(5),삼원페이퍼갤러리,서울특별시 중구 을지로35길 24,11,11140,127.001118,37.567722,02-468-9008,http://www.papergallery.co.kr/,09:30~18:00,20221231
2호선,잠실,삼전도비,서울특별시 송파구 잠실로 148,11,11710,127.101139,37.510327,042-481-4650,,,20221231
8호선,잠실,삼전도비,서울특별시 송파구 잠실로 148,11,11710,127.101139,37.510327,042-481-4650,,,20221231
8호선,석촌,삼전도비,서울특별시 송파구 잠실로 148,11,11710,127.101139,37.510327,042-481-4650,,,20221231
3호선,안국,삼청동카페거리,서울특별시 종로구 삼청동 74-1,41,11110,126.982085,37.584751,,,,20221231
1호선,광운대,상상톡톡 미술관,서울특별시 강북구 월계로 173,11,11305,127.038131,37.620758,02-2289-5443,https://www.dfac.or.kr/main/main.asp,10:00~18:00,20221231
1호선,보산,상패수변공원,경기도 동두천시 상패동,41,41250,127.031489,37.909126,,,,20221231
1호선,용산,새남터 순교성지,서울특별시 용산구 이촌로 80-8,41,11170,126.956968,37.524901,02-716-1791,http://www.saenamteo.or.kr/,,20221231
1호선,보산,생연음식문화거리,경기도 동두천시 생연동,41,41250,127.063579,37.903863,,,,20221231
1호선,망월사,서계 박세당 고택(서계종가),경기도 의정부시 동일로128번길 36,41,41150,127.057624,37.699782,010-3929-2859,,,20221231
1호선,망월사,서계박세당묘역,경기도 의정부시 장암동,41,41150,127.063245,37.707315,,,,20221231
7호선,장암,서계박세당사랑채,경기도 의정부시 장암동,41,41150,127.063245,37.707315,,,,20221231
6호선,망원,서교동최규하대통령가옥,서울특별시 마포구 서교동,11,11440,126.918776,37.553842,02-2133-2646,https://yeyak.seoul.go.kr/reservation/view.web?rsvsvcid=S170203154,10:00~18:00,20221231
3호선,독립문,서대문독립공원,서울특별시 서대문구 통일로 251 독립공원,11,11410,126.95637,37.5743,02-3140-8305,,,20221231
3호선,독립문,서대문형무소역사관,서울특별시 서대문구 통일로 251 서대문형무소역사관,11,11410,126.95637,37.5743,02-360-8590,http://www.sscmc.or.kr/culture2/,09:30~17:00,20221231
9호선,구반포,서래섬,서울특별시 서초구 반포동,11,11650,127.000758,37.50397,02-3780-0541,,,20221231
6호선,구산역,서오릉,경기도 고양시 덕양구 서오릉로 334-32,41,41281,126.899719,37.625234,02-359-0090,http://royaltombs.cha.go.kr/html/HtmlPage.do?pg=/new/html/portal_0,,20221231
2호선,선릉,서울 무형문화재 전수회관,서울특별시 강남구 봉은사로 406,11,11320,127.044609,37.510073,,,,20221231
7호선,강남구청,서울 무형문화재 전수회관,서울특별시 강남구 봉은사로 406,11,11320,127.044609,37.510073,,,,20221231
1호선,신이문,"서울 의릉(경종,선의왕후)",서울특별시 성북구 화랑로32길 146-20,11,11290,127.059419,37.605171,,,,20221231
6호선,디지털미디어시티,서울 코믹월드,서울특별시 강남구 남부순환로 3104 SETEC,11,11320,127.072437,37.496166,02-3142-2137,http://korean.visitkorea.or.kr/kor/inut/where/festival/festival.jsp?cid=1,,20221231
4호선,경마공원,서울경마공원,경기도 과천시 경마공원대로 107,41,41290,127.017252,37.444982,1566-3333,http://www.kra.co.kr/race/seoul/index.jsp,09:00~17:00,20221231
1호선,시청,서울광장,서울특별시 중구 을지로 12,11,11140,126.979324,37.565508,02-120,http://plaza.seoul.go.kr/,,20221231
2호선,시청,서울광장,서울특별시 중구 을지로 12,11,11140,126.979324,37.565508,02-120,http://plaza.seoul.go.kr/,,20221231
2호선,잠실,서울놀이마당,서울특별시 송파구 삼학사로 136 서울놀이마당,11,11710,127.098653,37.509173,02-414-1985,,,20221231
8호선,잠실,서울놀이마당,서울특별시 송파구 삼학사로 136 서울놀이마당,11,11710,127.098653,37.509173,02-414-1985,,,20221231
4호선,대공원,서울대공원 스카이리프트,경기도 과천시 막계동 366-6,41,41290,127.009369,37.431688,02-504-5657,http://www.skylift.co.kr/,09:00~18:30,20221231
4호선,대공원,서울대공원·서울랜드,경기도 과천시 광명로 181,41,41290,127.024154,37.436542,02-509-6000,http://www.seoulland.co.kr/,10:00~20:00,20221231
4호선,대공원,서울대학공원산림욕장,경기도 과천시 대공원광장로 102,41,41290,127.01422,37.434,02-500-7114,,09:00~18:00,20221231
1호선,동묘앞,서울동묘,서울특별시 종로구 난계로27길 84 동묘공원,11,11110,127.018462,37.57276,02-2148-4167,,,20221231
6호선,동묘앞,서울동묘,서울특별시 종로구 난계로27길 84 동묘공원,11,11110,127.018462,37.57276,02-2148-4167,,,20221231
3호선,학여울,서울무역전시장,서울특별시 강남구 남부순환로 3104 SETEC,11,11320,127.072437,37.496166,02-2187-4600,http://www.setec.or.kr/,,20221231
4호선,혜화,서울문묘,서울특별시 종로구 성균관로 31 성균관유림회관,11,11110,126.996703,37.585498,02-760-1472,,,20221231
9호선,선정릉,서울선릉과정릉,서울특별시 강남구 선릉로100길 1 선릉정릉,11,11320,127.048365,37.507319,02-568-1291,http://royaltombs.cha.go.kr/html/HtmlPage.do?pg=/new/html/portal_,06:00~21:00,20221231
1호선,동대문,서울성곽,서울특별시 종로구 옥인6길 26-19,11,11110,126.963994,37.580467,,,,20221231
4호선,한성대입구,서울성곽,서울특별시 종로구 옥인6길 26-19,11,11110,126.963994,37.580467,,,,20221231
4호선,동대문,서울성곽,서울특별시 종로구 옥인6길 26-19,11,11110,126.963994,37.580467,,,,20221231
2호선,뚝섬,서울숲,서울특별시 성동구 뚝섬로 273,11,11200,127.0418,37.543082,02-460-2905,http://seoulforest.or.kr/,00:00~24:00,20221231
2호선,잠실,서울스카이 (제2롯데월드),서울특별시 송파구 올림픽로 300 117~123층,11,11710,127.102669,37.512889,02-1661-2000,http://seoulsky.lotteworld.com/main/index.do,10:00~22:00,20221231
8호선,잠실,서울스카이 (제2롯데월드),서울특별시 송파구 올림픽로 300 117~123층,11,11710,127.102669,37.512889,02-1661-2000,http://seoulsky.lotteworld.com/main/index.do,10:00~22:00,20221231
1호선,월계,서울시립 북서울미술관,서울특별시 노원구 동일로 1238,11,11350,127.06689,37.640839,02-2124-5201,http://sema.seoul.go.kr/kor/information/bukseoul.jsp,10:00~20:00,20221231
1호선,시청,서울시립미술관,서울특별시 중구 덕수궁길 61 서울시립미술관,11,11140,126.973706,37.564117,02-2124-8800,sema.seoul.go.kr/,10:00~20:00,20221231
2호선,시청,서울시립미술관,서울특별시 중구 덕수궁길 61 서울시립미술관,11,11140,126.973706,37.564117,02-2124-8800,sema.seoul.go.kr/,10:00~20:00,20221231
5호선,서대문,서울시립미술관,서울특별시 중구 덕수궁길 61 서울시립미술관,11,11140,126.973706,37.564117,02-2124-8800,http://sema.seoul.go.kr/,10:00~20:00,20221231
2호선,사당,서울시립미술관 남서울분관,서울특별시 관악구 남부순환로 2076 서울시립미술관,11,11620,126.979457,37.476054,02-598-6247,http://sema.seoul.go.kr/kor/information/namseoul.jsp,,20221231
7호선,어린이대공원,서울시민안전체험관,서울특별시 광진구 능동로 216 어린이대공원,11,11215,127.081793,37.549401,02-2049-4061,http://safe119.seoul.go.kr/,,20221231
7호선,중계,서울시민천문대,서울특별시 노원구 동일로205길 13 노원우주학교,11,11350,127.065226,37.640763,02-971-6232,http://www.nowoncosmos.or.kr,09:30~17:30,20221231
9호선,마곡나루,서울식물원,서울특별시 강서구 마곡동로 161,11,11500,126.833833,37.568702,,http://botanicpark.seoul.go.kr/,09:30~18:00,20221231
9호선,마곡나루,서울식물원,서울특별시 강서구 마곡동로 161,11,11500,126.833833,37.568702,,,,20221231
5호선,발산,서울식물원,서울특별시 강서구 마곡동로 161 서울식물원,11,11500,126.833833,37.568702,02-120,http://botanicpark.seoul.go.kr/,09:30~18:00,20221231
1호선,제기동,서울약령시장,서울특별시 동대문구 약령중앙로 10,11,11230,127.037071,37.579077,02-969-4793,,,20221231
7호선,어린이대공원,서울어린이대공원놀이동산,서울특별시 광진구 능동로 216,11,11215,127.081793,37.549401,02-454-4442,,10:00~18:30,20221231
7호선,어린이대공원,서울어린이대공원동물원,서울특별시 광진구 능동로 216,11,11215,127.081793,37.549401,02-450-9311,,10:00~17:00,20221231
5호선,서대문,서울역사박물관,서울특별시 종로구 새문안로 55,11,11110,126.970823,37.570489,02-724-0274,http://www.museum.seoul.kr/,09:00~20:00,20221231
2호선,종합운동장,서울종합운동장,서울특별시 송파구 올림픽로 25 서울종합운동장,11,11710,127.075076,37.514163,02-2240-8800,http://stadium.seoul.go.kr/,,20221231
9호선,종합운동장,서울종합운동장,서울특별시 송파구 올림픽로 25 서울종합운동장,11,11710,127.075076,37.514163,02-2240-8800,http://stadium.seoul.go.kr/,,20221231
1호선,도봉산,서울창포원,서울특별시 도봉구 마들로 916,11,11320,127.047164,37.689508,02-954-0031,http://parks.seoul.go.kr/irisgarden,07:00~22:00,20221231
7호선,도봉산,서울창포원,서울특별시 도봉구 마들로 916,11,11320,127.047164,37.689508,02-954-0031,http://parks.seoul.go.kr/irisgarden,07:00~22:00,20221231
1호선,신설동,서울풍물시장,서울특별시 동대문구 천호대로4길 21 서울풍물시장,11,11230,127.025504,37.57272,02-2232-3367,http://pungmul.seoul.go.kr/,0:00~19:00,20221231
6호선,망원,서울함 공원,서울특별시 마포구 마포나루길 407,11,11440,126.89395,37.555792,02-332-7500,http://www.seoulbattleshippark.com,10:00~17:00,20221231
1호선,서정리,서정 우물,경기도 평택시 서정동 733-7,41,41220,127.054981,37.056415,,,,20221231
7호선,이수역,서초 토요 벼룩시장,서울특별시 서초구 방배동 444-21,11,11650,126.982486,37.477738,02-2155-6693,,,20221231
3호선,경복궁,서촌마을,서울특별시 종로구 필운대로 45,11,11110,126.968504,37.580218,,,,20221231
1호선,망월사,석림사(경기),경기도 의정부시 동일로122번길 177,41,41150,127.066418,37.701186,031-872-5110,,,20221231
8호선,석촌,석촌 백제고분,서울특별시 송파구 석촌동,11,11710,127.102508,37.502733,,,,20221231
2호선,잠실,석촌호수,서울특별시 송파구 잠실로 180,11,11710,127.104005,37.511845,,,,20221231
8호선,잠실,석촌호수,서울특별시 송파구 잠실로 180,11,11710,127.104005,37.511845,,,,20221231
9호선,송파나루,석촌호수(동호),서울특별시 송파구 잠실로 180,11,11710,127.104005,37.511845,,,,20221231
9호선,석촌고분,석촌호수(서호),서울특별시 송파구 잠실로 148,11,11710,127.101139,37.510327,02-415-3595,http://culture.songpa.go.kr/user.kdf?a=songpa.menu.MenuApp&c=100,,20221231
8호선,석촌,석촌호수공원,서울특별시 송파구 신천동,11,11710,127.098973,37.523926,,,,20221231
1호선,제기동,선농단,서울특별시 동대문구 제기동,11,11230,127.037237,37.583781,,,,20221231
6호선,안암,선농단,서울특별시 동대문구 제기동,11,11230,127.037237,37.583781,,,,20221231
4호선,성신여대입구,선잠단,서울특별시 성북구 성북동,11,11290,126.99291,37.597251,,,,20221231
2호선,선릉,선정릉,서울특별시 강남구 선릉로100길 1 선릉정릉,11,11320,127.048365,37.507319,02-568-1291,http://royaltombs.cha.go.kr/html/HtmlPage.do?pg=/new/html/portal,06:00~21:00,20221231
3호선,경복궁,성곡미술관,서울특별시 종로구 경희궁길 42 성곡미술관,11,11110,126.969744,37.573183,02-737-7650,http://www.sungkokmuseum.com/,10:00~18:00,20221231
5호선,광화문,성곡미술관,서울특별시 종로구 경희궁길 42 성곡미술관,11,11110,126.969744,37.573183,02-737-7650,http://www.sungkokmuseum.com/,10:00~18:00,20221231
5호선,광화문,성공회교회,서울특별시 중구 세종대로21길 15,11,11140,126.975588,37.567233,02-730-6611,,11:00~16:00,20221231
2호선,성수,성수동수제화거리,서울특별시 성동구 연무장7길 15 삼한창고,11,11200,127.054619,37.544168,,http://seongsushoes.modoo.at/,,20221231
1호선,종로5가,성제묘,서울특별시 중구 방산동,11,11140,127.002973,37.568729,,,,20221231
4호선,한대앞,성호기념관,경기도 안산시 상록구 성호로 131 성호(이익)기념관,41,41271,126.859604,37.315057,031-481-2574,,09:00~18:00,20221231
7호선,반포역,세빛둥둥섬 전망공원,서울특별시 서초구 올림픽대로 683 세빛섬,11,11650,126.995241,37.512231,1566-3433,http://www.somesevit.co.kr/,,20221231
9호선,신반포,세빛섬,서울특별시 서초구 올림픽대로 683,11,11650,126.995241,37.512231,,,,20221231
5호선,광화문,세종갤러리,서울특별시 종로구 세종대로 175,11,11110,126.975893,37.572255,02-399-1114,,,20221231
6호선,고려대,세종대왕기념관,서울특별시 동대문구 회기로 56,11,11230,127.042911,37.59073,02-969-8851,http://sejongkorea.org/,09:00~18:00,20221231
5호선,광화문,세종문화회관,서울특별시 종로구 세종대로 175,11,11110,126.975893,37.572255,02-399-1114,http://www.sejongpac.or.kr/,,20221231
3호선,고속터미널,센트럴 시티,서울특별시 서초구 신반포로 176 센트럴시티,11,11650,127.003221,37.504216,02-6282-0114,http://www.shinsegaecentralcity.com,,20221231
5호선,올림픽공원역,소마미술관,서울특별시 송파구 위례성대로 51,11,11710,127.118175,37.516871,02-425-1077,http://www.somamuseum.org/,10:00~18:00,20221231
8호선,몽촌토성(평화의문)역,소마미술관,서울특별시 송파구 위례성대로 51,11,11710,127.118175,37.516871,02-425-1077,http://soma.kspo.or.kr/,10:00~18:00,20221231
1호선,소요산,소요단풍문화제,경기도 동두천시 평화로2910번길 145 소요산관리사무소,41,41250,127.069341,37.946525,,,,20221231
1호선,소요산,소요산 토속음식마을,경기도 동두천시 봉동로6번길 15-26,41,41250,127.060217,37.948228,031-860-2065,,,20221231
1호선,소요산,소요산국민관광지,경기도 동두천시 상봉암동,41,41250,127.061425,37.948066,,,,20221231
1호선,소요산,소요산국민관광지야외음악당,경기도 동두천시 평화로2910번길 145 소요산관리사무소,41,41250,127.069341,37.946525,,,,20221231
1호선,소요산,소요산국민관광지캠핑장,경기도 동두천시 상봉암동,41,41250,127.061425,37.948066,,,,20221231
1호선,소요산,소요산산림욕장,경기도 동두천시 상봉암동 15-2,41,41250,127.06579,37.949308,,,,20221231
1호선,보산,소요산탑온천랜드,경기도 동두천시 장고갯로 161-35,41,41250,127.064799,37.908089,031-857-5890,http://www.xn--zf4btpy4juxm.kr/,00:00~24:00,20221231
1호선,동두천중앙,소요산탑유황온천,경기도 동두천시 장고갯로 161-35 (생연동),41,41250,127.064799,37.908089,031-857-5890,http://www.xn--zf4btpy4juxm.kr/,00:00~24:00,20221231
1호선,소요산,소요생활체육공원,경기도 동두천시 상봉암동,41,41250,127.061425,37.948066,,,,20221231
5호선,왕십리,소월아트홀,서울특별시 성동구 왕십리로 281 성동문화회관,11,11200,127.036002,37.559263,02-2204-6400,http://www.sdfac.or.kr,09:00~22:00,20221231
1호선,진위,소풍,경기도 평택시 진위면 하북3길 25-59,41,41220,127.059168,37.108885,010-4001-3550,https://blog.naver.com/osanzoo,10:00~17:00,20221231
2호선,충청로,손기정기념관,서울특별시 중구 손기정로 101 손기정공원,11,11140,126.965339,37.556088,02-364-1936,http://www.sonkeechung.com/wordpress/,10:00~17:00,20221231
9호선,송파나루,송리단길,서울특별시 송파구 백제고분로43길 23,11,11710,127.108223,37.509093,,,,20221231
1호선,송탄,송탄관광특구,경기도 평택시 신장동,41,41220,127.051526,37.08471,,,,20221231
5호선,우장산역,송화시장,서울특별시 강서구 강서로 263-29,11,11500,126.834568,37.549094,02-2696-5225,http://www.songhwasijang.com/,,20221231
7호선,수락산,수락산,서울특별시 노원구 상계동,11,11350,127.07033,37.672997,02-950-3900,,,20221231
1호선,수원,수원향교,경기도 수원시 팔달구 향교로 107-9 수원향교,41,41115,127.01227,37.272566,031-245-7639,http://www.skk-suwon.com/,,20221231
1호선,수원,수원화성,경기도 수원시 장안구 영화동 320-2,41,41111,127.011978,37.287143,031-290-3600,http://www.swcf.or.kr/,,20221231
1호선,수원,수원화성서남암문,경기도 수원시 팔달구 교동,41,41115,127.012966,37.271941,,,,20221231
1호선,수원,수원화성효원의종,경기도 수원시 팔달구 남창동 55-23,41,41115,127.01027,37.280668,031-228-4669,,09:00~17:00,20221231
3호선,동대입구,수표교,서울특별시 종로구 관수동,11,11110,126.990471,37.569082,,,,20221231
3호선,동대입구,수표교,서울특별시 중구 장충동2가,11,11140,127.000587,37.554995,,,,20221231
3호선,백석,수피아,경기도 고양시 일산동구 강촌로26번길 7-4,41,41281,126.779633,37.646389,031-816-5076,http://www.수피아.net/,,20221231
5호선,여의나루,순복음교회,서울특별시 영등포구 국회대로76길 15,11,11560,126.923319,37.530673,02-6181-9191,http://www.yfgc.com/,,20221231
1호선,서울역,숭례문,서울특별시 중구 세종대로 40,11,11140,126.975326,37.559923,042-481-4650,,,20221231
4호선,서울역,숭례문,서울특별시 중구 세종대로 40,11,11140,126.975326,37.559923,042-481-4650,,,20221231
1호선,동두천,숭모재강릉김씨사당,경기도 동두천시 안흥동,41,41250,127.032275,37.930729,,,,20221231
6호선,보문,숲과사람들,서울특별시 성북구 안암로 145 5층 503호,11,11290,127.026557,37.58837,02-826-1771,http://www.unifam.co.kr/,09:00~18:00,20221231
5호선,목동,스페이스랩 목동센터,서울특별시 양천구 중앙로32길 75 2층 스페이스랩,11,11470,126.861684,37.520778,02-2088-0304,,02:00~23:00,20221231
3호선,종로3가,승동교회,서울특별시 종로구 인사동,11,11110,126.986066,37.571721,,,,20221231
5호선,종로3가,승동교회,서울특별시 종로구 인사동,11,11110,126.986066,37.571721,,,,20221231
5호선,광나루역,시립서울천문대,서울특별시 광진구 구천면로 2,11,11215,127.106184,37.546318,02-2204-3190,http://www.astroseoul.or.kr/,,20221231
1호선,종로3가,신간회창립본부터,서울특별시 종로구 관수동,11,11110,126.990471,37.569082,,,,20221231
5호선,종로3가,신간회창립본부터,서울특별시 종로구 관수동,11,11110,126.990471,37.569082,,,,20221231
7호선,신풍,신길벚꽃거리,서울특별시 영등포구 신길동,11,11560,126.913607,37.506066,,,,20221231
2호선,신당,신당동떡복이골목,서울특별시 신당동 304-684 청구역 2호선,11,11140,127.01352,37.561258,,,,20221231
6호선,신당,신당동떡복이골목,서울특별시 신당동 304-684 청구역 6호선,11,11140,127.01352,37.561258,,,,20221231
5호선,청구,신당동떡볶이타운,서울특별시 신당동 304-684 청구역 5호선,11,11140,127.01352,37.561258,,,,20221231
2호선,신당,신당동박정희대통령가옥,서울특별시 중구 다산로36가길 25,11,11140,127.019844,37.561455,02-2231-5143,http://blog.daum.net/nationsuban,10:30~17:30,20221231
6호선,신당,신당동박정희대통령가옥,서울특별시 중구 다산로36가길 25,11,11140,127.019844,37.561455,02-2231-5143,http://blog.daum.net/nationsuban,10:30~17:30,20221231
2호선,신림,신림동 순대타운,서울특별시 관악구 신림로59길 12 양지순대촌,11,11620,126.929121,37.483321,,,,20221231
5호선,광화문,신문박물관,"서울특별시 종로구 세종대로 152 일민미술관건물 5,6층",11,11110,126.977647,37.56981,02-2020-1880,http://www.presseum.or.kr/,10:00~19:00,20221231
3호선,신사,신사동 아구찜 골목,서울특별시 서초구 잠원동,11,11650,127.009094,37.515105,,,,20221231
3호선,신사,신사동간장게장골목,서울특별시 서초구 강남대로99길 28 새서울맨션,11,11650,127.017905,37.515143,,,,20221231
5호선,아차산,신성종합시장,서울특별시 광진구 영화사로 10,11,11215,127.088478,37.558058,02-444-1707,,,20221231
1호선,온양온천,신정관 온천탕,충청남도 아산시 시민로 385 신정관,44,44200,127.000526,36.783241,041-541-0011,,04:30~19:00,20221231
1호선,신창,신정호,충청남도 아산시 신정로 616 신정호공원,44,44200,126.985938,36.773142,041-540-2518,http://sinjungho.asan.go.kr/,00:00~24:00,20221231
1호선,신창,신정호국민관광지,충청남도 아산시 신정로 616 신정호공원,44,44200,126.985938,36.773142,,,,20221231
1호선,신창,신창향교,충청남도 아산시 신창면 서부남로840번길 29,44,44200,126.931796,36.779931,,,,20221231
1호선,온양온천,신천탕,충청남도 아산시 온천대로 1469,44,44200,127.001176,36.782399,041-545-7777,http://www.shinchuntang.co.kr/,05:00~22:00,20221231
9호선,구반포,심산기념문화센터,서울특별시 서초구 사평대로 55,11,11650,126.990885,37.498895,02-3477-2461,https://www.seochocf.or.kr/,,20221231
7호선,내방,심산김창숙기념관,"서울특별시 서초구 사평대로 55 서초구민체육센터,심산기념문화센터",11,11650,126.990885,37.498895,02-599-6551,,,20221231
3호선,안국,쌈지길,서울특별시 종로구 인사동길 44 쌈지길,11,11110,126.979231,37.573175,02-736-0088,http://blog.naver.com/ssamzigil,10:30~20:30,20221231
1호선,덕계,쏘쿡체험카페,경기도 양주시 청담로 191 2층 서편,41,41630,127.071052,37.817615,070-4694-7016,http://www.happyhandon.com,,20221231
7호선,삼산체육관,아인스워터월드,경기도 부천시 길주로 1,41,41190,126.742514,37.508225,032-320-6002,http://www.aiinsworld.com,10:00~18:00,20221231
7호선,삼산체육관,아인스월드,경기도 부천시 도약로 1,41,41190,126.747335,37.512836,02-1544-2967,http://www.aiinsworld.com/,10:00~17:00,20221231
1호선,망월사,아일랜드 캐슬,경기도 의정부시 장곡로 22,41,41150,127.052975,37.707827,031-894-0100,http://www.island-castle.co.kr,08:00~22:00,20221231
7호선,장암,아일랜드 캐슬,경기도 의정부시 장곡로 22,41,41150,127.052975,37.707827,031-894-0100,http://www.island-castle.co.kr,08:00~22:00,20221231
5호선,아차산,아차산공원,서울특별시 광진구 광장동 370-2 아차산 생태공원,11,11215,127.101275,37.550831,02-450-1192,,,20221231
5호선,아차산,아차산성,서울특별시 광진구 광장동,11,11215,127.104706,37.547838,,,,20221231
7호선,마들,아쿠아윌,서울특별시 노원구 한글비석로48길 25,11,11350,127.067205,37.665457,02-933-4266,http://www.aquawill.com,14:00~21:00,20221231
3호선,주엽,아쿠아플라넷 일산,경기도 고양시 일산서구 한류월드로 282 아쿠아플라넷 일산,41,41281,126.755492,37.663653,1833-7001,http://www.aquaplanet.co.kr/ilsan/index.jsp,10:00~19:00,20221231
3호선,안국,아트선재센터,서울특별시 종로구 율곡로3길 87 아트선재센터,11,11110,126.981829,37.579415,02-733-8949,http://artsonje.org/,12:00~19:00,20221231
5호선,광나루역,악스코리아(AX-KOREA),서울특별시 광진구 구천면로 20,11,11215,127.107967,37.545736,02-457-5114,http://www.yes24livehall.com/,09:30~18:00,20221231
4호선,안산,안산다문화음식거리,경기도 안산시 단원구 원곡동 870,41,41273,126.790507,37.328968,,,00:00~24:00,20221231
4호선,한대앞,안산식물원,경기도 안산시 상록구 성호로 113 안산식물원,41,41271,126.860953,37.313881,031-481-3168,https://plant.ansan.go.kr,10:00~17:00,20221231
6호선,창신역,안양암,서울특별시 종로구 창신5길 59-2,11,11110,127.013235,37.575141,02-744-6923,,,20221231
7호선,부천시청,안중근공원,경기도 부천시 송내대로 236,41,41190,126.759034,37.504444,,,,20221231
8호선,암사,암사동 선사주거지,서울특별시 강동구 올림픽로 875 암사선사유적전시관,11,11740,127.131002,37.56082,02-3425-6520,http://sunsa.gangdong.go.kr/,09:30~18:00,20221231
8호선,암사,암사생태공원,서울특별시 강동구 암사동 616-1,11,11740,127.122576,37.555469,,,,20221231
7호선,강남구청,압구정로데오거리,서울특별시 강남구 신사동,11,11320,127.026502,37.52381,,,,20221231
5호선,둔촌동,애니멀 뮤지엄 더쥬,서울특별시 강동구 양재대로 1299 우용빌딩 2층,11,11740,127.133687,37.522492,02-470-2003,http://www.the-zoo.co.kr,10:00~19:00,20221231
9호선,올림픽공원,애니멀 뮤지엄 더쥬,서울특별시 강동구 양재대로 1299 우용빌딩 2층,11,11740,127.133687,37.522492,02-470-2003,http://www.the-zoo.co.kr,10:00~19:00,20221231
5호선,방화,약사사,서울특별시 강서구 금낭화로17길 261 약사사,11,11500,126.805339,37.582996,02-2662-2551,http://www.yaksasa.or.kr/,,20221231
2호선,충정로,약현성당,서울특별시 중구 청파로 447-1,11,11140,126.967187,37.559141,02-362-1891,http://www.yakhyeon.or.kr/,,20221231
3호선,양재,양재시민의 숲,서울특별시 서초구 매헌로 99,11,11650,127.036759,37.471327,02-575-3895,http://parks.seoul.go.kr/citizen,00:00~24:00,20221231
1호선,양주,양주 대모산성,경기도 양주시 어둔동,41,41360,127.011189,37.77388,031-8082-4114,,,20221231
1호선,양주,양주향교,경기도 양주시 부흥로1423번길 50 (유양동),41,41360,127.032775,37.786385,031-840-4148,,,20221231
9호선,양천향교,양천향교,서울특별시 강서구 양천로47나길 53,11,11500,126.839834,37.572987,,,,20221231
5호선,아차산,어린이대공원,서울특별시 광진구 능동로 216,11,11215,127.081793,37.549401,02-450-9311,http://www.sisul.or.kr/open_content/childrenpark/,,20221231
7호선,어린이대공원,어린이대공원,서울특별시 광진구 능동로 216,11,11215,127.081793,37.549401,02-450-9311,http://www.sisul.or.kr/open_content/childrenpark/,,20221231
3호선,동대입구,어영창터,서울특별시 중구 장충동2가,11,11140,127.000587,37.554995,,,,20221231
5호선,여의도,여의도 한강공원샛강생태공원,서울특별시 영등포구 여의도동 49,11,11560,126.923989,37.517163,02-3780-0570,,00:00~24:00,20221231
1호선,대방,여의도샛강생태공원,서울특별시 영등포구 여의도동 49,11,11560,126.923989,37.517163,02-3780-0570,,,20221231
5호선,여의도,여의도샛강생태공원,서울특별시 영등포구 여의도동 49,11,11560,126.923989,37.517163,02-3780-0570,,00:00~24:00,20221231
1호선,종로3가,연강홀,서울특별시 종로구 종로33길 15,11,11110,127.000996,37.571821,02-708-5001,www.doosanartcenter.com/ko/,,20221231
5호선,종로3가,연강홀,서울특별시 종로구 종로33길 15,11,11110,127.000996,37.571821,02-708-5001,www.doosanartcenter.com/ko/,,20221231
1호선,방학,연산군묘,서울특별시 도봉구 방학동,11,11320,127.031062,37.665292,02-3494-0370,,,20221231
1호선,회기,연화사(서울),서울특별시 동대문구 경희대로3길 56,11,11230,127.050487,37.594251,02-962-6186,http://cafe.daum.net/chunjangyh,,20221231
5호선,영등포시장,영등포시장,서울특별시 영등포구 영등포로 225,11,11560,126.906618,37.519932,02-2635-8005,www.ydpmarket.com/,,20221231
2호선,을지로3가,영락교회,서울특별시 중구 수표로 33,11,11140,126.989046,37.563934,02-2280-0114,http://www.youngnak.net/,00:00~24:00,20221231
3호선,을지로3가,영락교회,서울특별시 중구 수표로 33,11,11140,126.989046,37.563934,02-2280-0114,http://www.youngnak.net/,00:00~24:00,20221231
1호선,종각,영풍문고,서울특별시 종로구 청계천로 41,11,11110,126.982176,37.569696,1522-2776,http://www.ypbooks.co.kr/,10:00~22:00,20221231
1호선,종각,영풍문고,서울특별시 종로구 청계천로 41,11,11110,126.982176,37.569696,1522-2776,http://www.ypbooks.co.kr/,10:00~22:00,20221231
6호선,고려대,영휘원,서울특별시 동대문구 청량리동,11,11230,127.045291,37.588803,02-962-0556,,09:00~18:30,20221231
3호선,남부터미널,예술의 전당,서울특별시 서초구 남부순환로 2406 예술의전당,11,11650,127.012912,37.479429,02-580-1300,http://www.sac.or.kr/,,20221231
3호선,남부터미널,예술의 전당 한가람미술관,서울특별시 서초구 남부순환로 2406,11,11650,127.012912,37.479429,02-580-1300,http://www.sacticket.co.kr/,,20221231
1호선,종로3가,오세창집터,서울특별시 종로구 돈의동,11,11110,126.990737,37.571986,,,,20221231
5호선,종로3가,오세창집터,서울특별시 종로구 돈의동,11,11110,126.990737,37.571986,,,,20221231
4호선,오이도,옥구공원,경기도 시흥시 서해안로 277 론볼 경기장 운영센터,41,41390,126.710429,37.353325,,,,20221231
3호선,충무로,옥인동 윤씨가옥,서울특별시 중구 퇴계로34길 28,11,11140,126.994106,37.558878,,,,20221231
4호선,충무로,옥인동 윤씨가옥,서울특별시 중구 퇴계로34길 28,11,11140,126.994106,37.558878,,,,20221231
1호선,온양온천,온양온천랜드,충청남도 아산시 삼동로28번길 46,44,44200,127.015779,36.781052,041-541-3700,http://온양온천랜드.kr/,00:00~24:00,20221231
5호선,올림픽공원(한국체대)역,올림픽 벨로드롬,서울특별시 송파구 올림픽로 424,11,11710,127.115408,37.520356,02-2180-3787,http://sports.ksponco.or.kr/index.es?sid=a4,,20221231
5호선,올림픽공원(한국체대)역,올림픽 수영장,서울특별시 송파구 올림픽로 424 올림픽공원,11,11710,127.115408,37.520356,02-2180-3743,http://sports.ksponco.or.kr/index.es?sid=a3,,20221231
5호선,올림픽공원(한국체대)역,올림픽 체조경기장,서울특별시 송파구 올림픽로 424,11,11710,127.115408,37.520356,02-2180-3515,http://olympicpark.kspo.or.kr/jsp/homepage/contents/culture/venue,,20221231
5호선,올림픽공원(한국체대)역,올림픽 테니스경기장,서울특별시 송파구 올림픽로 424 올림픽공원,11,11710,127.115408,37.520356,02-410-1637,,,20221231
8호선,몽촌토성(평화의문)역,올림픽공원,서울특별시 송파구 올림픽로 424,11,11710,127.115408,37.520356,02-410-1114,http://www.olympicpark.co.kr/,05:00~22:00,20221231
9호선,올림픽공원,올림픽공원,서울특별시 송파구 올림픽로 424,11,11710,127.115408,37.520356,02-410-1114,http://www.olympicpark.co.kr/,05:00~22:00,20221231
9호선,올림픽공원,올림픽공원 들꽃마루,서울특별시 송파구 올림픽로 424 올림픽공원,11,11710,127.115408,37.520356,,,05:00~22:00,20221231
5호선,올림픽공원(한국체대)역,올림픽홀,서울특별시 송파구 올림픽로 424,11,11710,127.115408,37.520356,,http://www.olympicpark.co.kr/,,20221231
1호선,의왕,왕송호수,경기도 의왕시 초평동,41,41150,126.939203,37.311319,031-345-3534,,00:00~24:00,20221231
6호선,삼각지,왜고개 성지,서울특별시 용산구 한강대로40길 46,11,11170,126.971975,37.529475,02-798-2457,,,20221231
3호선,양재,외교박물관,서울특별시 서초구 남부순환로 2572,11,11650,127.030824,37.483533,02-3497-8722,http://diplomaticarchives.mofa.go.kr/,09:30~17:00,20221231
1호선,소요산,요석공주별궁지,경기도 동두천시 상봉암동,41,41250,127.061425,37.948066,,,,20221231
7호선,면목,용마랜드,서울특별시 중랑구 망우로70길 118,11,11260,127.105055,37.594362,02-436-5800,http://cafe.naver.com/yongmaland/,09:00~18:00,20221231
7호선,용마산,용마폭포공원,서울특별시 중랑구 용마산로 250-12 용마폭포공원관리사무소,11,11260,127.089944,37.573315,02-2094-2965,http://www.jungnang.go.kr/portal/main/contents.do?menuNo=200599,00:00~24:00,20221231
1호선,용산,용산 전자상가,서울특별시 용산구 한강로2가,11,11170,126.990193,37.532615,,,,20221231
4호선,이촌,용산가족공원,서울특별시 용산구 서빙고로 137 국립중앙박물관,11,11170,126.97995,37.523724,02-792-5661,,00:00~24:00,20221231
6호선,녹사평,용산가족공원,서울특별시 용산구 서빙고로 137 국립중앙박물관,11,11170,126.97995,37.523724,02-792-5661,,,20221231
9호선,염창,용왕산근린공원,서울특별시 양천구 목동중앙로 143,11,11470,126.875451,37.541138,02-2620-3576,,,20221231
5호선,올림픽공원(한국체대)역,우리금융아트홀,서울특별시 송파구 올림픽로 424 올림픽공원,11,11710,127.115408,37.520356,,http://www.olympicpark.co.kr/,,20221231
5호선,방화,우리말꿈터,서울특별시 강서구 금낭화로 154,11,11500,126.813835,37.579162,02-2669-9687,http://edu.korean.go.kr,,20221231
1호선,직산,우리역사문화협동조합,충청남도 천안시 서북구 직산읍 삼은1길 2,44,44133,127.147864,36.876964,041-583-0409,http://blog.naver.com/durtkcpgja,,20221231
2호선,구의,우리유황온천,서울특별시 광진구 자양로5길 33,11,11215,127.084113,37.53084,02-3436-0005,,05:30~22:00,20221231
5호선,우장산역,우장산 공원,서울특별시 강서구 화곡로 302,11,11500,126.849252,37.550932,02-2600-4185,,,20221231
3호선,안국,운현궁,서울특별시 종로구 삼일대로 464 운현궁,11,11110,126.986979,37.57618,02-766-9090,http://www.unhyeongung.or.kr/,09:00~19:00,20221231
5호선,종로3가,운현궁,서울특별시 종로구 삼일대로 464 운현궁,11,11110,126.986979,37.57618,02-766-9090,http://www.unhyeongung.or.kr/,09:00~19:00,20221231
7호선,삼산체육관,웅진플레이도시,경기도 부천시 조마루로 2,41,41190,126.7448,37.499401,1577-5773,http://www.playdoci.com/,10:00~21:00,20221231
1호선,시청,원구단,서울특별시 중구 소공동,11,11140,126.980057,37.564082,,,,20221231
2호선,시청,원구단,서울특별시 중구 소공동,11,11140,126.980057,37.564082,,,,20221231
1호선,망월사,원도봉유원지,경기도 의정부시 호원동 230-85,41,41150,127.036063,37.706249,,,,20221231
3호선,주엽,원마운트,경기도 고양시 일산서구 한류월드로 300,41,41281,126.754472,37.664381,1566-2232,https://onemount.co.kr,10:00~17:00,20221231
3호선,주엽,원마운트 스노우파크,경기도 고양시 일산서구 한류월드로 300,41,41281,126.754472,37.664381,1566-2232,http://www.onemount.co.kr/,10:00~17:00,20221231
1호선,망월사,원효사(경기),경기도 의정부시 망월로28번길 356,41,41150,127.028345,37.709321,031-873-6083,,,20221231
1호선,망월사,월남전참전기념비,경기도 의정부시 호원동,41,41150,127.034374,37.712317,,,,20221231
6호선,월드컵경기장(성산)역,월드컵경기장,서울특별시 마포구 성산동 515-39,11,11440,126.897106,37.568211,02-2128-2000,http://www.sisul.or.kr/open_content/worldcup/,,20221231
6호선,망원,월드컵시장,서울특별시 마포구 포은로 120,11,11440,126.904494,37.557666,02-322-6656,,10:00~22:00,20221231
2호선,충정로,유관순기념관,서울특별시 중구 통일로4길 30-1 유관순기념관,11,11140,126.970306,37.564448,02-752-3353,,,20221231
5호선,서대문,유관순기념관,서울특별시 중구 통일로4길 30-1 유관순기념관,11,11140,126.970306,37.564448,02-752-3353,,,20221231
6호선,화랑대,육군박물관,서울특별시 노원구 공릉동 1-1,11,11350,127.098665,37.623696,02-2197-6453,http://museum.kma.ac.kr/,10:00~17:00,20221231
5호선,여의도,윤중로 벚꽃길,서울특별시 영등포구 여의도동,11,11560,126.928439,37.528674,,,,20221231
6호선,역촌,은평문화예술회관,서울특별시 은평구 녹번로 16 은평문화예술회관,11,11380,126.927907,37.603707,02-351-3736,http://www.efac.or.kr,,20221231
8호선,남한산성입구,은행식물원,경기도 성남시 중원구 은행로 72,41,41133,127.167888,37.453058,031-729-4319,,09:00~18:00,20221231
1호선,종로3가,을지로노가리골목,서울특별시 중구 을지로 129 을지로3가역 3호선,11,11140,126.992231,37.566169,,,,20221231
5호선,종로3가,을지로노가리골목,서울특별시 중구 을지로 129 을지로3가역 3호선,11,11140,126.992231,37.566169,,,,20221231
6호선,새절,응암동 감자탕 골목,서울특별시 은평구 응암동,11,11380,126.923123,37.593842,,,,20221231
6호선,상월곡(한국과학기술연구원)역,의릉,서울특별시 성북구 화랑로32길 146-37 한국예술종합학교,11,11290,127.056435,37.604741,02-964-0579,http://royaltombs.cha.go.kr/html/HtmlPage.do?pg=/new/html/portal_,09:00~18:30,20221231
1호선,의왕,의왕레일파크,경기도 의왕시 왕송못동로 221,41,41430,126.950707,37.309899,031-462-3001,http://www.uwrailpark.co.kr/,10:30~17:30,20221231
1호선,의정부,의정부 음악극축제,경기도 의정부시 의정로 1 의정부예술의전당 및 의정부 시내일원,41,41150,127.034385,37.733274,031-828-5891,http://www.umtf.or.kr,,20221231
1호선,의정부,의정부로데오거리,경기도 의정부시 의정부동,41,41150,127.042216,37.737474,,,,20221231
1호선,의정부,의정부부대찌개거리,경기도 의정부시 태평로137번길 22-1,41,41150,127.049645,37.744724,,,,20221231
1호선,의정부,의정부소풍길(쌍둥이길),경기도 의정부시 의정부동 35-11,41,41150,127.053183,37.737797,,,,20221231
1호선,녹양,의정부의류타운,경기도 의정부시 녹양동,41,41150,127.030659,37.761518,,,,20221231
1호선,종로3가,이벽집터,서울특별시 종로구 관수동,11,11110,126.990471,37.569082,,,,20221231
5호선,종로3가,이벽집터,서울특별시 종로구 관수동,11,11110,126.990471,37.569082,,,,20221231
3호선,경복궁,이상의집,서울특별시 종로구 자하문로7길 18,11,11110,126.970847,37.578626,070-8837-8374,,,20221231
2호선,을지로3가,이순신생가터,서울특별시 중구 인현동1가,11,11140,126.994312,37.564592,,,,20221231
3호선,을지로3가,이순신생가터,서울특별시 중구 인현동1가,11,11140,126.994312,37.564592,,,,20221231
6호선,이태원,이태원 관광특구,서울특별시 용산구 이태원동,11,11170,126.992524,37.538519,,,,20221231
1호선,소요산,이태조행궁지,경기도 동두천시 상봉암동,41,41250,127.061425,37.948066,,,,20221231
4호선,혜화,이화마을,서울특별시 종로구 이화장길 70-11,11,11110,127.00507,37.578712,,,,20221231
3호선,무악재,인왕산,서울특별시 종로구 무악동 산2-1,11,11110,126.960574,37.578896,,,,20221231
6호선,구산,인조별서유기비,서울특별시 은평구 역촌동,11,11380,126.914622,37.604586,,,,20221231
5호선,광화문,일민미술관,서울특별시 종로구 세종대로 152,11,11110,126.977647,37.56981,02-2020-2050,http://www.ilmin.org/,11:00~19:00,20221231
3호선,대화,일산동물의왕국,경기도 고양시 일산서구 장수길 29,41,41281,126.743509,37.659813,031-918-5656,http://www.xn--3e0bu5jdygr3fryhnrbdh.com/,10:00~18:00,20221231
3호선,정발산,일산호수,경기도 고양시 일산동구 장항동,41,41281,126.759655,37.647109,031-909-9000,www.goyang.go.kr/park/index.do,,20221231
1호선,대방,자매공원,서울특별시 영등포구 의사당대로 166,11,11560,126.929087,37.516624,02-2670-3114,,,20221231
1호선,소요산,자유수호평화박물관,경기도 동두천시 평화로2910번길 96-63 (상봉암동),41,41250,127.066058,37.942508,031-860-3330,http://www.ddc21.net/museum/,09:00~18:00,20221231
2호선,잠실새내,잠실 이랜드크루즈,서울특별시 송파구 잠실동,11,11710,127.083383,37.511966,02-6291-6900,http://www.elandcruise.com/,13:00~21:00,20221231
6호선,창신역,장수마을,서울특별시 성북구 삼선교로4길 186 구립삼선1동노인정,11,11290,127.010118,37.580557,070-7503-6744,http://www.jangsumaeul.com/,,20221231
1호선,수원,장안문,경기도 수원시 팔달구 장안동,41,41115,127.012923,37.286493,031-228-2768,,,20221231
6호선,돌곶이역,장위시장,서울특별시 성북구 장위동 68-185,11,11290,127.05049,37.610911,070-7799-9129,,,20221231
3호선,동대입구,장충단공원,서울특별시 중구 동호로 261,11,11140,127.004781,37.558752,,,,20221231
3호선,동대입구,장충단비,서울특별시 중구 장충동2가,11,11140,127.000587,37.554995,,,,20221231
3호선,동대입구,장충동 족발거리,서울특별시 중구 장충단로 176,11,11140,127.005855,37.5605,,,,20221231
3호선,동대입구,장충체육관,서울특별시 중구 동호로 241,11,11140,127.006644,37.558191,02-2128-2800,http://www.sisul.or.kr/open_content/jangchung/,,20221231
4호선,삼각지,전쟁기념관,서울특별시 용산구 이태원로 29 전쟁기념관,11,11170,126.977788,37.536265,02-709-3139,http://www.warmemo.or.kr/,09:30~18:00,20221231
6호선,삼각지,전쟁기념관,서울특별시 용산구 이태원로 29 전쟁기념관,11,11170,126.977788,37.536265,02-709-3139,http://www.warmemo.or.kr/,09:30~18:00,20221231
1호선,종로3가,전태일기념관,서울특별시 종로구 청계천로 105 아름다운청년 전태일기념관,11,11110,126.989302,37.568478,02-318-0904,http://www.taeil.org,10:00~18:00,20221231
5호선,종로3가,전태일기념관,서울특별시 종로구 청계천로 105 아름다운청년 전태일기념관,11,11110,126.989302,37.568478,02-318-0904,http://www.taeil.org,10:00~18:00,20221231
1호선,종로3가,전협집터(대동단거점),서울특별시 종로구 봉익동,11,11110,126.992998,37.572203,,,,20221231
5호선,종로3가,전협집터(대동단거점),서울특별시 종로구 봉익동,11,11110,126.992998,37.572203,,,,20221231
2호선,합정,절두산 순교기념관,서울특별시 마포구 합정동,11,11440,126.90904,37.54703,,http://www.soguri.com/seoul-teukbyeolsi/mapo-gu/hapjeong-dong/2000-10/1114068_000_004.html,,20221231
6호선,합정,절두산 순교기념관,서울특별시 마포구 합정동,11,11440,126.90904,37.54703,,,,20221231
2호선,왕십리,젊음의거리,서울특별시 성동구 행당동,11,11200,127.035966,37.557668,,,,20221231
1호선,시청,정동교회,서울특별시 중구 정동길 46 정동교회,11,11140,126.972503,37.565224,02-753-0001,http://chungdong.org/,,20221231
2호선,시청,정동교회,서울특별시 중구 정동길 46 정동교회,11,11140,126.972503,37.565224,02-753-0001,http://chungdong.org/,,20221231
1호선,시청,정동극장,서울특별시 중구 정동길 43 정동극장,11,11140,126.972855,37.565939,02-751-1500,http://www.chongdong.com/,,20221231
2호선,시청,정동극장,서울특별시 중구 정동길 43 정동극장,11,11140,126.972855,37.565939,02-751-1500,http://www.chongdong.com/,,20221231
5호선,서대문,정동극장,서울특별시 중구 정동길 43 정동극장,11,11140,126.972855,37.565939,02-751-1500,http://jeongdong.or.kr,09:00~18:00,20221231
4호선,성신여대입구,정릉,서울특별시 성북구 아리랑로19길 116,11,11290,127.00615,37.602238,02-914-5133,http://royaltombs.cha.go.kr/html/HtmlPage.do?pg=/new/html/portal_0,06:00~18:00,20221231
1호선,종각,조계사,서울특별시 종로구 우정국로 55,11,11110,126.982039,37.573984,02-768-8600,http://www.ijogyesa.net/,,20221231
1호선,망월사,조망바위,경기도 의정부시 장암동 산30,41,41150,127.064722,37.714336,,,,20221231
1호선,종로3가,조선교육협회회관터,서울특별시 중구 수표동,11,11140,126.989508,37.56747,,,,20221231
5호선,종로3가,조선교육협회회관터,서울특별시 중구 수표동,11,11140,126.989508,37.56747,,,,20221231
1호선,종로3가,조선여성동우회회관터,서울특별시 종로구 낙원동,11,11110,126.988624,37.572581,,,,20221231
5호선,종로3가,조선여성동우회회관터,서울특별시 종로구 낙원동,11,11110,126.988624,37.572581,,,,20221231
5호선,광화문,조선일보미술관,서울특별시 중구 세종대로21길 33 조선일보사,11,11140,126.975216,37.567906,02-724-6322,http://gallery.chosun.com/,,20221231
5호선,광화문,조흥 금융박물관,서울특별시 중구 세종대로 135-5 한국금융사박물관,11,11140,126.976429,37.568619,02-738-6806,http://www.shinhanmuseum.co.kr/,10:00~18:00,20221231
1호선,종로3가,종로3가보쌈골목,서울특별시 종로구 관수동 42-1,11,11110,126.990787,37.569959,,,,20221231
5호선,종로3가,종로3가보쌈골목,서울특별시 종로구 관수동 42-1,11,11110,126.990787,37.569959,,,,20221231
1호선,종로3가,종로귀금속거리,서울특별시 종로구 종로3가,11,11110,126.978099,37.569859,,,,20221231
5호선,종로3가,종로귀금속거리,서울특별시 종로구 종로3가,11,11110,126.978099,37.569859,,,,20221231
1호선,종로3가,종묘,서울특별시 종로구 종로 157,11,11110,126.994345,37.573062,02-765-0195,jm.cha.go.kr/,,20221231
3호선,종로3가,종묘,서울특별시 종로구 종로 157,11,11110,126.994345,37.573062,02-765-0195,http://jm.cha.go.kr/,09:00~18:00,20221231
3호선,종로3가,종묘,서울특별시 종로구 종로 157,11,11110,126.994345,37.573062,02-765-0195,jm.cha.go.kr/,,20221231
5호선,종로3가,종묘,서울특별시 종로구 종로 157,11,11110,126.994345,37.573062,02-765-0195,jm.cha.go.kr/,,20221231
5호선,종로3가,종묘,서울특별시 종로구 종로 157,11,11110,126.994345,37.573062,02-765-0195,jm.cha.go.kr/,,20221231
1호선,종로3가,종묘외대문,서울특별시 종로구 훈정동,11,11110,126.994192,37.574385,,,,20221231
5호선,종로3가,종묘외대문,서울특별시 종로구 훈정동,11,11110,126.994192,37.574385,,,,20221231
1호선,의정부,직동테마공원,경기도 의정부시 의정부동,41,41150,127.042216,37.737474,,,,20221231
4호선,혜화,"짚, 풀 생활사 박물관",서울특별시 종로구 성균관로4길 45,11,11110,126.999836,37.584921,02-743-8787,http://www.jipul.com,10:00~17:00,20221231
4호선,혜화,창경궁,서울특별시 종로구 창경궁로 185 창경궁,11,11110,126.994881,37.579545,02-762-4868,http://cgg.cha.go.kr/,09:00~21:00,20221231
3호선,안국,창덕궁,서울특별시 종로구 율곡로 99,11,11110,126.991783,37.580059,02-3668-2300,http://www.cdg.go.kr,09:00~18:00,20221231
3호선,종로3가,창덕궁,서울특별시 종로구 율곡로 99,11,11110,126.991783,37.580059,02-3668-2300,http://www.cdg.go.kr,09:00~18:00,20221231
5호선,종로3가,창덕궁,서울특별시 종로구 율곡로 99,11,11110,126.991783,37.580059,02-3668-2300,http://www.cdg.go.kr,09:00~18:00,20221231
3호선,안국,천도교 수운회관,서울특별시 종로구 삼일대로 457,11,11110,126.985803,37.57525,02-720-3020,,,20221231
3호선,안국,천도교중앙대교당,서울특별시 종로구 경운동,11,11110,126.986415,37.575202,,,,20221231
7호선,수락산,천상병공원,서울특별시 노원구 상계동 1006-4,11,11350,127.059022,37.674403,,,,20221231
8호선,암사,천호동 공원,서울특별시 강동구 올림픽로 702 해공도서관,11,11740,127.12678,37.544408,02-489-2776,http://parks.seoul.go.kr/cheonho,,20221231
5호선,광화문,청계광장,서울특별시 종로구 서린동 14-1,11,11110,126.982577,37.569402,02-2290-7111,,,20221231
6호선,동묘앞,청계천(다산교),서울특별시 종로구 창신동,11,11110,127.01245,37.575413,,,,20221231
6호선,동묘앞,청계천(맑은내다리),서울특별시 종로구 창신동,11,11110,127.01245,37.575413,,,,20221231
6호선,동묘앞,청계천(영도교),서울특별시 종로구 숭인동,11,11110,127.018946,37.575576,,,,20221231
5호선,왕십리,청계천문화관,서울특별시 성동구 청계천로 530 청계천박물관,11,11200,127.035032,37.571257,02-2286-3410,http://cgcm.museum.seoul.kr/,09:00~19:00,20221231
2호선,방배,청권사,서울특별시 서초구 방배동,11,11650,126.993113,37.479496,,,,20221231
7호선,내방,청권사,서울특별시 서초구 방배동,11,11650,126.993113,37.479496,,,,20221231
2호선,방배,청권사부묘소,서울특별시 서초구 방배동,11,11650,126.993113,37.479496,02-584-3121,,,20221231
7호선,청담,청담공원,서울특별시 강남구 청담동 66,11,11320,127.051627,37.521275,02-3423-6245,,,20221231
7호선,청담,청담동명품거리,서울특별시 강남구 청담동 145,11,11320,127.045136,37.526386,,,,20221231
6호선,창신역,청룡사,서울특별시 종로구 동망산길 65,11,11110,127.016715,37.579945,02-763-2145,,,20221231
3호선,경복궁,청와대사랑채,서울특별시 종로구 효자동 150,11,11110,126.97309,37.582628,02-723-0300,http://www.cwdsarangchae.kr/,09:00~18:00,20221231
3호선,안국,체신기념관,서울특별시 종로구 우정국로 59,11,11110,126.982622,37.574349,02-734-8369,,09:00~18:00,20221231
4호선,수리산,초막골생태공원,경기도 군포시 산본동 917-3,41,41410,126.9183,37.349074,,,,20221231
1호선,종로3가,최시형순교지,서울특별시 종로구 묘동,11,11110,126.991739,37.572436,,,,20221231
5호선,종로3가,최시형순교지,서울특별시 종로구 묘동,11,11110,126.991739,37.572436,,,,20221231
4호선,상록수,최용신기념관,경기도 안산시 상록구 샘골서길 64 상록수공원 내 최용신기념관,41,41271,126.86267,37.299516,031-481-3040,https://choiyongsin.ansan.go.kr/,09:00~18:00,20221231
5호선,광화문,칭경기념비각,서울특별시 종로구 세종로 142-3,11,11110,126.977592,37.570512,,,,20221231
9호선,신논현,카카오프렌즈 강남 플래그십 스토어,서울특별시 서초구 강남대로 429,11,11650,127.025772,37.500773,1577-6263,,,20221231
1호선,방학,코리아원스텝,서울특별시 도봉구 마들로 684-19 서원아파트,11,11320,127.048021,37.673053,02-956-8897,,,20221231
2호선,삼성,코엑스 아쿠아리움,서울특별시 강남구 영동대로 513,11,11320,127.058773,37.512565,02-700-7200,http://www.coexaqua.com/,10:00~21:00,20221231
9호선,봉은사,코엑스 아쿠아리움,서울특별시 강남구 영동대로 513,11,11320,127.058773,37.512565,02-700-7200,http://www.coexaqua.com/,10:00~21:00,20221231
7호선,청담,코엑스아쿠아리움,서울특별시 강남구 영동대로 513,11,11320,127.058773,37.512565,02-700-7200,http://www.coexaqua.com/,10:00~21:00,20221231
2호선,삼성,코엑스전시장,서울특별시 강남구 영동대로 513 코엑스,11,11320,127.058773,37.512565,02-6000-0114,http://www.coex.co.kr/,,20221231
9호선,봉은사,코엑스전시장,서울특별시 강남구 영동대로 513 코엑스,11,11320,127.058773,37.512565,02-6000-0114,http://www.coex.co.kr/,,20221231
7호선,어린이대공원,키즈오토파크,서울특별시 광진구 능동로 216 어린이대공원,11,11215,127.081793,37.549401,02-455-7119,http://www.kidsautopark.org/,,20221231
1호선,종로3가,탑골공원,서울특별시 종로구 종로 99 탑골공원,11,11110,126.988293,37.571055,02-731-0534,,,20221231
3호선,종로3가,탑골공원,서울특별시 종로구 종로 99 탑골공원,11,11110,126.988293,37.571055,02-731-0534,,,20221231
3호선,종로3가,탑골공원,서울특별시 종로구 종로 99 탑골공원,11,11110,126.988293,37.571055,02-731-0534,,,20221231
5호선,종로3가,탑골공원,서울특별시 종로구 종로 99 탑골공원,11,11110,126.988293,37.571055,02-731-0534,,,20221231
5호선,종로3가,탑골공원,서울특별시 종로구 종로 99 탑골공원,11,11110,126.988293,37.571055,02-731-0534,,,20221231
6호선,화랑대,태릉,서울특별시 노원구 화랑로 727,11,11350,127.101814,37.635055,02-972-0370,,09:00~18:00,20221231
1호선,의정부,태조이성계상,경기도 의정부시 의정부동,41,41150,127.042216,37.737474,,,,20221231
1호선,동묘앞,테지움 테디베어,서울특별시 종로구 지봉로 19 시즌빌딩 지하 1층,11,11110,127.015249,37.571751,1877-0279,teseum.net,,20221231
6호선,동묘앞,테지움 테디베어,서울특별시 종로구 지봉로 19 시즌빌딩 지하 1층,11,11110,127.015249,37.571751,1877-0279,http://teseum.net,08:30~18:00,20221231
2호선,강변,테크노마트,서울특별시 광진구 광나루로56길 85 테크노-마트21,11,11215,127.095708,37.535732,02-3424-0114,http://www.tm21.com/,10:00~20:00,20221231
6호선,상수,트릭아이뮤지엄 서울,서울특별시 마포구 홍익로3길 20 지하2층,11,11440,126.9217,37.553526,02-3144-6300,http://www.trickeye.com/seoul,09:00~21:00,20221231
1호선,종로3가,파조교(6.10독립만세선창지),서울특별시 종로구 묘동,11,11110,126.991739,37.572436,,,,20221231
5호선,종로3가,파조교(6.10독립만세선창지),서울특별시 종로구 묘동,11,11110,126.991739,37.572436,,,,20221231
1호선,수원,팔달문,경기도 수원시 팔달구 정조로 780 팔달문,41,41115,127.016727,37.277541,031-228-2765,,,20221231
6호선,마포구청,평화의공원,서울특별시 마포구 상암동,11,11440,126.879851,37.570752,,,,20221231
7호선,온수,푸른수목원,서울특별시 구로구 연동로 240,11,11530,126.823555,37.482209,02-2686-3200,http://parks.seoul.go.kr/pureun,05:00~22:00,20221231
5호선,천호,풍납토성,서울특별시 송파구 풍납동 72-1,11,11710,127.120622,37.539695,02-2147-2800,,,20221231
8호선,천호,풍납토성,서울특별시 송파구 풍납동 72-1,11,11710,127.120622,37.539695,02-2147-2800,,,20221231
7호선,강남구청,피규어뮤지엄w,서울특별시 강남구 선릉로158길 3 Ys Roo,11,11320,127.040392,37.525807,02-512-8865,http://www.figuremuseumw.co.kr/,11:00~19:00,20221231
6호선,월드컵경기장(성산)역,"하늘공원,노을공원, 평화공원, 월드컵공원",서울특별시 마포구 하늘공원로 108-1,11,11440,126.878676,37.569082,02-300-5500,http://parks.seoul.go.kr/worldcuppark,00:00~24:00,20221231
7호선,상동,하이주 부천점,경기도 부천시 길주로 105 세이브존 백화점 4층,41,41190,126.754127,37.506393,070-7767-0815,https://www.instagram.com/explore/locations/596087849/,10:30~19:30,20221231
7호선,학동역,학동공원,서울특별시 강남구 논현동,11,11320,127.031713,37.51368,,,,20221231
5호선,천호,한강 시민공원,서울특별시 강동구 천호동,11,11740,127.127629,37.544379,,http://hangang.seoul.go.kr/,,20221231
7호선,뚝섬유원지,한강 시민공원,서울특별시 광진구 강변북로 139,11,11215,127.073972,37.529364,02-3780-0521,http://hangang.seoul.go.kr/archives/46661,,20221231
3호선,잠원,한강 시민공원,서울특별시 서초구 잠원동,11,11650,127.009094,37.515105,02-3780-0531,http://hangang.seoul.go.kr/archives/46678,,20221231
2호선,잠실새내,한강 시민공원,서울특별시 송파구 한가람로 65 한강사업본부 잠실안내센터,11,11710,127.08673,37.517632,02-3780-0511,http://hangang.seoul.go.kr/,00:00~24:00,20221231
5호선,여의나루,한강 시민공원,서울특별시 영등포구 여의동로 330 한강사업본부 여의도안내센터,11,11560,126.933449,37.526466,02-3780-0561,http://hangang.seoul.go.kr/archives/46758,00:00~24:00,20221231
4호선,이촌,한강 시민공원,서울특별시 용산구 이촌로72길 62 한강공원 이촌안내센터,11,11170,126.970777,37.517859,02-3780-0551,http://hangang.seoul.go.kr/,,20221231
5호선,여의나루,한강 유람선 선착장,서울특별시 영등포구 여의동로 280,11,11560,126.939013,37.524967,02-6291-6900,http://www.elandcruise.com/,10:30~21:00,20221231
9호선,염창,한강방어백골부대전적비,서울특별시 영등포구 양화동 153,11,11560,126.881352,37.549087,,,,20221231
8호선,암사,한강시민공원,서울특별시 강동구 선사로 83-66 한강사업본부 광나루안내센터,11,11740,127.122245,37.549943,02-3780-0501,http://hangang.seoul.go.kr/archives/46585,,20221231
6호선,망원,한강시민공원,서울특별시 마포구 마포나루길 467 한강공원망원지구사무소,11,11440,126.899886,37.552352,02-3780-0601,http://hangang.seoul.go.kr/archives/46737,,20221231
6호선,망원,한강시민공원 망원지구 수영장,서울특별시 마포구 망원동 312-6,11,11440,126.892927,37.556882,02-322-6302,,,20221231
7호선,반포역,한강시민공원 반포지구,서울특별시 서초구 신반포로11길 40 한강공원 반포 안내센터,11,11650,126.993925,37.5083,02-591-5943,http://hangang.seoul.go.kr/archives/46727,,20221231
6호선,이태원,한국 이슬람중앙성원,서울특별시 용산구 우사단로10길 39,11,11170,126.997573,37.533281,,http://www.koreaislam.org/,,20221231
7호선,숭실대입구,한국기독교박물관,서울특별시 동작구 상도로 369 숭실대학교,11,11590,126.956913,37.496392,02-820-0752,http://museum.ssu.ac.kr/,10:00~16:30,20221231
6호선,수색역,한국영상자료원,서울특별시 마포구 월드컵북로 400 문화콘텐츠센터,11,11440,126.889941,37.580416,02-3153-2001,http://www.koreafilm.or.kr/,10:00~19:00,20221231
3호선,충무로,한국의 집,서울특별시 중구 퇴계로36길 10,11,11140,126.994542,37.560107,02-2266-9101,http://www.koreahouse.or.kr/,12:00 - 21:00,20221231
4호선,충무로,한국의 집,서울특별시 중구 퇴계로36길 10,11,11140,126.994542,37.560107,02-2266-9101,http://www.koreahouse.or.kr/,12:00 - 21:00,20221231
5호선,여의도,한국잡지박물관,서울특별시 영등포구 여의대방로67길 11,11,11560,126.930252,37.51977,02-360-0041,http://museum.magazine.or.kr/,10:00~18:00,20221231
3호선,정발산,한아름딸기농원,경기도 고양시 일산동구 멱절길 324-21,41,41281,126.755444,37.655038,010-7139-4636,http://hanarumddalgi.modoo.at/,,20221231
1호선,종로3가,한양의원터,서울특별시 종로구 낙원동,11,11110,126.988624,37.572581,,,,20221231
5호선,종로3가,한양의원터,서울특별시 종로구 낙원동,11,11110,126.988624,37.572581,,,,20221231
3호선,남부터미널,한원미술관,서울특별시 서초구 남부순환로 2423,11,11650,127.015447,37.481793,02-588-5642,http://www.hanwon.org/,10:00~18:00,20221231
1호선,소요산,한탄이호왕박사기념관,경기도 동두천시 평화로2910번길 96 자유수호평화박물관,41,41250,127.065759,37.944587,,,,20221231
7호선,천왕,항동철길,서울특별시 구로구 오리로 1189,11,11530,126.835154,37.488875,,,,20221231
6호선,녹사평,해방촌,서울특별시 용산구 용산동2가,41,11170,126.985019,37.542887,,,,20221231
1호선,수원,행궁동벽화마을,경기도 수원시 팔달구 북수동,41,41115,127.0166,37.285586,031-244-4519,,,20221231
1호선,신창,향련원,충청남도 아산시 신창면 서부남로 813,44,44200,126.93537,36.781513,041-534-9134,,,20221231
9호선,가양,허준박물관,서울특별시 강서구 허준로 87,11,11500,126.851209,37.567953,,,,20221231
5호선,발산,허준박물관,서울특별시 강서구 허준로 87 허준박물관,11,11500,126.851209,37.567953,02-3661-8686,http://www.heojun.seoul.kr/,10:00~17:00,20221231
3호선,양재,헌인릉,서울특별시 서초구 헌인릉길 36-10,11,11650,127.082311,37.465499,02-445-0347,,,20221231
1호선,방학,헬로애니멀,서울특별시 도봉구 마들로 650 도봉월드상가 1층 119호,11,11320,127.047076,37.668045,02-955-6619,https://blog.naver.com/hello_animal,10:30~19:00,20221231
9호선,동작,현충원,서울특별시 동작구 현충로 210,11,11590,126.972811,37.500694,,,,20221231
1호선,동두천중앙,현충탑,경기도 동두천시 생연동,41,41250,127.063579,37.903863,,,,20221231
4호선,한성대입구,혜화문,서울특별시 종로구 혜화동,11,11110,127.001756,37.587821,,,,20221231
2호선,신림,호림박물관,서울특별시 관악구 남부순환로152길 53 호림박물관,11,11620,126.91853,37.480765,02-858-2500,http://www.horimmuseum.org/,10:00~17:00,20221231
5호선,서대문,호암아트홀,서울특별시 중구 서소문로 88 서소문빌딩,11,11140,126.971013,37.561562,02-751-9997,http://www.hoamarthall.org/,,20221231
6호선,상수,홍대거리,서울특별시 마포구 서교동,11,11440,126.918776,37.553842,,,,20221231
6호선,상수,홍대벽화거리,서울특별시 마포구 상수동 72-36,11,11440,126.924138,37.551674,,,,20221231
6호선,상수,홍대클럽거리,서울특별시 마포구 상수동,11,11440,126.924481,37.546676,02-333-3921,,,20221231
1호선,소요산,홍덕문선생추모비,경기도 동두천시 상봉암동 산32-1,41,41250,127.066577,37.945521,031-860-2065,,,20221231
6호선,마포구청,홍제천,서울특별시 마포구 성산동,11,11440,126.904694,37.56566,02-330-1405,,,20221231
4호선,초지,화랑유원지,경기도 안산시 단원구 동산로 268,41,41273,126.811958,37.325356,031-481-3175,,,20221231
1호선,화서,화서문,경기도 수원시 팔달구 장안동 334,41,41115,127.009665,37.285501,031-290-3600,,,20221231
1호선,수원,화성행궁,경기도 수원시 팔달구 정조로 825,41,41115,127.013672,37.281777,031-290-3600,,09:00~18:00,20221231
2호선,신당,황학동 만물시장,서울특별시 중구 황학동,11,11140,127.020838,37.568545,,,,20221231
6호선,신당,황학동 만물시장,서울특별시 중구 황학동,11,11140,127.020838,37.568545,,,,20221231
1호선,회기,회기역파전골목,서울특별시 동대문구 회기로28길 8,11,11230,127.055948,37.589465,,,,20221231
1호선,회룡,회룡사(경기),경기도 의정부시 전좌로155번길 262,41,41150,127.027454,37.720225,031-873-3391,,,20221231
2호선,방배,효령대군묘,서울특별시 서초구 방배동 24-2,11,11650,126.989372,37.495377,,,,20221231
5호선,공덕,효창공원,서울특별시 용산구 효창동,11,11170,126.960962,37.542831,,,,20221231
6호선,효창공원앞,효창공원,서울특별시 용산구 효창동,11,11170,126.960962,37.542831,,,,20221231
4호선,동대문,흥인지문,서울특별시 종로구 종로 288 흥인지문,11,11110,127.009698,37.571173,,,,20221231
1호선,신평,다대포 해수욕장,부산광역시 사하구 다대동,26,26380,128.971154,35.056301,,,,20221231
1호선,하단,낙동강하류철새도래지,부산광역시 사하구 하단동 1212,26,26380,128.942872,35.095447,,,,20221231
1호선,하단,을숙도조각공원,부산광역시 사하구 하단동,26,26380,128.953083,35.110528,,,,20221231
1호선,하단,가덕도,부산광역시 강서구 천성동 산6-98,26,26440,128.832899,35.030601,,,,20221231
1호선,자갈치,자갈치,부산광역시 중구 자갈치해안로 52 자갈치시장,26,26110,129.030604,35.096598,,,,20221231
1호선,남포,태종대,부산광역시 영도구 전망로 24,26,26110,129.079834,35.059727,,,,20221231
1호선,남포,용두산공원,부산광역시 중구 용두산길 37-55,26,26110,129.032437,35.101018,,,,20221231
1호선,남포,BIFF광장,부산광역시 중구 남포길 10,26,26110,129.029843,35.098831,,,,20221231
1호선,남포,광복동패션거리,부산광역시 중구 광복로 72-1,26,26110,129.032713,35.098591,,,,20221231
1호선,남포,국제시장,부산광역시 중구 신창동4가,26,26110,129.028228,35.101261,,,,20221231
1호선,남포,창선동 먹자골목,부산광역시 중구 남포동5가,26,26110,129.029432,35.0976,,,,20221231
1호선,중앙,부산근대사역사관,부산광역시 중구 대청로 104,26,26110,129.031163,35.10266,,,,20221231
1호선,중앙,40계단문화관광테마거리,부산광역시 중구 중앙동4가,26,26110,129.038755,35.107147,,,,20221231
1호선,서면,삼광사,부산광역시 부산광역시진구 초읍천로43번길 77,26,26230,129.075086,35.179843,,,,20221231
1호선,서면,서면먹자골목,부산광역시 부산광역시진구 부전동,26,26230,129.075086,35.179843,,,,20221231
1호선,동래,동래읍성지 복천박물관,부산광역시 동래구 복천로 63 복천박물관,26,26260,129.091172,35.208787,,,,20221231
1호선,명륜,동래향교,부산광역시 동래구 명륜동,26,26260,129.085084,35.210942,,,,20221231
1호선,온천장,금강공원,부산광역시 동래구 우장춘로 175-146 칠성암,26,26260,129.06885,35.223426,,,,20221231
1호선,온천장,금강식물원,부산광역시 금정구 장전2동 산43-1,26,26410,129.077095,35.226435,,,,20221231
1호선,온천장,부산민속예술관,부산광역시 동래구 우장춘로 195-46 부산광역시민속예술관,26,26260,129.075341,35.22253,,,,20221231
1호선,온천장,부산해양자연사박물관,부산광역시 동래구 우장춘로 175 부산광역시해양자연사박물관,26,26260,129.075717,35.221905,,,,20221231
1호선,부산대,부산대앞 쇼핑거리,부산광역시 금정구 장전동,26,26410,129.074685,35.235281,,,,20221231
1호선,장정,한국순교자기념관,부산광역시 금정구 오륜대로 106-1,26,26410,129.101065,35.245978,,,,20221231
1호선,장정,회동수원지,부산광역시 금정구 회동동,26,26410,129.127329,35.237543,,,,20221231
1호선,구서,금정문화회관,부산광역시 금정구 체육공원로 7 금정문화회관(소공연장),26,26410,129.094174,35.245869,,,,20221231
1호선,범어사,범어사,부산광역시 금정구 범어사로 250 범어사,26,26410,129.068491,35.283965,,,,20221231
1호선,범어사,금정산,경남 양산시 동면 가산리 산1-1,26,48330,129.042167,35.286025,,,,20221231
1호선,범어사,금정산성,부산광역시 금정구 금성동,26,26410,129.053912,35.254086,,,,20221231
1호선,노포,금정체육공원,부산광역시 금정구 체육공원로399번길 324 스포원파크,26,26410,129.105308,35.29144,,,,20221231
1호선,노포,금정경륜장,부산광역시 금정구 체육공원로399번길 324 스포원파크,26,26410,129.105308,35.29144,,,,20221231
2호선,장산,해동용궁사,부산광역시 기장군 기장읍 용궁길 86 해동용궁사,26,36110,129.223315,35.188361,,,,20221231
2호선,중동,달맞이고개,부산광역시 해운대구 달맞이길 190,26,26350,129.182542,35.157686,,,,20221231
2호선,해운대,해운대해수욕장,부산광역시 해운대구 우동,26,26350,129.147885,35.174371,,,,20221231
2호선,해운대,부산아쿠아리움,부산광역시 해운대구 해운대해변로 266,26,26350,129.160987,35.159301,,,,20221231
2호선,해운대,송정해수욕장,부산광역시 해운대구 송정동 712-2,26,26350,129.199247,35.179353,,,,20221231
2호선,해운대,기장대변항,부산광역시 기장군 기장읍 대변리,26,36110,129.231584,35.227702,,,,20221231
2호선,동백,동백섬 누리마루 APEC하우스,부산광역시 해운대구 우동 710-1,26,26350,129.152603,35.152395,,,,20221231
2호선,동백,시네마데크 부산,부산광역시 해운대구 수영강변대로 120,26,26350,129.127529,35.170947,,,,20221231
2호선,시림미술관,올림픽공원,부산광역시 해운대구 우동 1413-5,26,26350,129.132985,35.164623,,,,20221231
2호선,시림미술관,부산시립미술관,부산광역시 해운대구 APEC로 58 부산광역시시립미술관,26,26350,129.136938,35.166316,,,,20221231
2호선,시림미술관,부산영화촬영스튜디오,부산광역시 해운대구 해운대해변로 52,26,26350,129.138568,35.161983,,,,20221231
2호선,시림미술관,요트경기장,부산광역시 해운대구 해운대해변로 84,26,26350,129.140153,35.160707,,,,20221231
2호선,센텀시티,BEXCO,부산광역시 해운대구 APEC로 55,26,26350,129.134078,35.16902,,,,20221231
2호선,센텀시티,APEC 나루공원,부산광역시 해운대구 수영강변대로 93,26,26350,129.125955,35.169078,,,,20221231
2호선,광안,광안리 해수욕장,부산광역시 수영구 광안해변로 219,26,26500,129.118512,35.153769,,,,20221231
2호선,광안,광안대교,부산광역시 수영구 민락동,26,26500,129.125542,35.159807,,,,20221231
2호선,광안,오륙도,부산광역시 남구 용호동 936-941,26,26290,129.118977,35.104351,,,,20221231
2호선,대연,부산문화회관,부산광역시 남구 유엔평화로76번길 1 부산광역시문화회관,26,26290,129.093848,35.12735,,,,20221231
2호선,대연,부산박물관,부산광역시 남구 유엔평화로 63 부산광역시광역시시립박물관,26,26290,129.09414,35.129501,,,,20221231
2호선,대연,UN기념공원,부산광역시 남구 대연4동 799-14,26,26290,129.098431,35.127119,,,,20221231
3호선,종합운동장,부산아시아드 주경기장,부산광역시 연제구 월드컵대로 344 부산광역시아시아드주경기장,26,26470,129.057385,35.189806,,,,20221231
3호선,덕천,구포시장,부산광역시 북구 구포시장2길 7,26,26320,129.003761,35.208714,,,,20221231
3호선,체육공원,강서체육공원,부산광역시 강서구 대저1동 2158,26,26440,128.971281,35.210222,,,,20221231
4호선,충렬사,충렬사,부산광역시 동래구 충렬대로 347,26,26260,129.096162,35.200909,,,,20221231
4호선,반여농사물시장,반여농산물시장,부산광역시 해운대구 수영강변대로 626,26,26350,129.122473,35.214377,,,,20221231
5호선,서대문역,서울시립미술관 경희궁분관,서울 중구 덕수궁길 61,11,11140,126.9746757,37.5642629,02-2124-8800,http://seoulmoa.seoul.go.kr/html/kor/aboutsema/branch1.jsp,,20221231
5호선,광화문,무교동 낙지,서울 종로구 종로3길 30,11,11110,126.9794439,37.5716008,02-720-3025,http://www.mukyodongnakji.com/,,20221231
5호선,마장역,청계천박물관,서울 성동구 청계천로 530 청계천박물관,11,11200,127.0350281,37.5712267,02-2286-3410,http://www.cgcm.go.kr,09:00~18:00,20221231
6호선,한강진역,이태원관광특구,서울 용산구 이태원로 150,11,11170,126.9905502,37.5340149,,,,20221231
6호선,"태릉입구(6,7)",육군사관학교박물관,서울 노원구 화랑로 574,11,11350,127.10198,37.6280159,02-2197-6608,,10:00~17:00,20221231
7호선,철산역,2001아울렛,서울 구로구 중앙로1길 36 2001아울렛,11,11530,126.8626833,37.4980159,02-426-2001,,10:30~22:00,20221231
7호선,철산역,광명시민회관,경기 광명시 시청로 20 광명시민회관,41,41210,126.8645492,37.4782254,02-2621-8845,,09:00~21:00,20221231
7호선,철산역,철산상업지구,경기 광명시 오리로854번길 16 금강빌딩,41,41210,126.8686217,37.474683,02-6925-6400,,13:00~04:00,20221231
7호선,철산역,광덕산 근린공원,경기 광명시 철산동 605-1,41,41210,126.8696644,37.4712229,,,,20221231
7호선,부천시청역,계남공원,경기 부천시 송내대로 262,41,41190,126.7591928,37.5065377,,,,20221231
7호선,부천시청역,부천상동로데오거리,경기 부천시 중동,41,41190,126.7681309,37.4877349,,,,20221231
7호선,부천시청역,부천체육관,경기도 부천시 석천로 293,41,41190,126.7632619,37.513411,032-340-0785,,,20221231
7호선,부천시청역,부천중앙공원,경기 부천시 소향로 162,41,41190,126.7636793,37.5005875,,,,20221231
